"","Site","Year","Month","Dissolved.nitrate.x","Dissolved.sodium","pH","Water.temp","Suspended.solids","Alkalinity","Total.phosphorus","Ammonium","Dissolved.fluoride","Dissolved.chloride","Dissolved.nitrite","Dissolved.bromide","Dissolved.nitrate.y","Dissolved.sulphate","Latitude","Longitude"
"1","Jubilee River at Pocock's Bridge","2010","10",28.08,28.9,7.92,9.9,2.16,4088,212,97,10,48.27,3,0.06,28.08,47.02,51.494317,-0.594135
"2","Jubilee River at Pocock's Bridge","2010","11",28.83,28.32,7.856,8.18,2.864,4322.2,205.8,76.4,11.6,46.892,4,0.074,28.83,51.294,51.494317,-0.594135
"3","Jubilee River at Pocock's Bridge","2010","12",33.335,32,7.9,2.6,2.935,4017.5,190,103,16.5,50.23,13.5,0.074,33.335,55.26,51.494317,-0.594135
"4","Jubilee River at Pocock's Bridge","2011","06",24.695,33.075,7.9425,18.125,3.58,4071.5,224,55.75,16.25,49.1275,7.5,0.07325,24.695,45.1225,51.494317,-0.594135
"5","Jubilee River at Pocock's Bridge","2011","07",22.0625,34.425,8.0725,19.175,2.53,4148.5,201.25,53,17.75,50.68,6.75,0.0875,22.0625,45.475,51.494317,-0.594135
"6","Jubilee River at Pocock's Bridge","2011","08",21.086,35.82,7.904,18.56,2,4105,250,74,15.8,51.214,9,0.0726,21.086,44.882,51.494317,-0.594135
"7","Jubilee River at Pocock's Bridge","2011","09",24.265,35.7,7.905,16.4,2.9675,4018.25,220.75,59.25,17,52.61,7.5,0.081,24.265,46.915,51.494317,-0.594135
"8","Jubilee River at Pocock's Bridge","2011","10",28.348,39.9,7.912,14.82,1.858,4309,241,54.6,15.8,56.97,14.4,0.0854,28.348,48.556,51.494317,-0.594135
"9","Jubilee River at Pocock's Bridge","2011","11",29.4,38.725,7.7425,10.75,2.05,4131.25,297.25,83.5,15.75,57.1625,44.75,0.077,29.4,52.6125,51.494317,-0.594135
"10","Jubilee River at Pocock's Bridge","2011","12",31.1233333333333,40.3,7.84,6.23333333333333,3.63666666666667,3979,287.333333333333,71.3333333333333,17,60.3966666666667,8.33333333333333,0.0866666666666667,31.1233333333333,57.0033333333333,51.494317,-0.594135
"11","Jubilee River at Pocock's Bridge","2012","01",31.472,32.22,7.864,7.04,4.408,3974.2,237.8,77.4,19.2,52.552,34.4,0.0754,31.472,61.072,51.494317,-0.594135
"12","Jubilee River at Pocock's Bridge","2012","02",32.67,38.5,7.935,7.65,4.55,4368,191,43,18,65.105,11.5,0.075,32.67,66.795,51.494317,-0.594135
"13","Jubilee River at Pocock's Bridge","2012","03",29.06,33.45,8.175,10.325,4.1575,4203,185.5,58,18,52.7,13.75,0.075,29.06,60.915,51.494317,-0.594135
"14","Jubilee River at Pocock's Bridge","2012","04",22.464,33.26,7.84,11.88,22.864,3354.2,213.4,64.6,17.4,51.03,13.6,0.08,22.464,60.63,51.494317,-0.594135
"15","Jubilee River at Pocock's Bridge","2012","05",22.8725,20.725,7.92,14.775,6.9825,4172.5,166.25,102.25,19,34.935,16.5,0.0565,22.8725,48.2375,51.494317,-0.594135
"16","Jubilee River at Pocock's Bridge","2012","06",21.8775,22.05,7.9125,16.225,3.5975,3982.75,185,80,16.5,36.7425,11.5,0.07275,21.8775,45.6375,51.494317,-0.594135
"17","Jubilee River at Pocock's Bridge","2012","07",19.792,20.86,7.968,18.18,3.43,4427.8,183,43.8,17.8,33.68,7,0.0764,19.792,43.598,51.494317,-0.594135
"18","Jubilee River at Pocock's Bridge","2012","08",23.955,22.825,7.96,19.125,3.5475,4535.75,179.75,69.25,15.25,36.32,8.75,0.09275,23.955,42.3375,51.494317,-0.594135
"19","Jubilee River at Pocock's Bridge","2012","09",25.7,25.075,8.085,16.3,5.8925,4456.25,185.75,71.75,16,40.14,6.75,0.0685,25.7,45.4675,51.494317,-0.594135
"20","Jubilee River at Pocock's Bridge","2012","10",26.334,20.06,7.968,33.12,9.334,4103.6,200.6,90.4,18.8,32.716,11.4,0.065,26.334,45.856,51.494317,-0.594135
"21","Jubilee River at Pocock's Bridge","2012","11",23.8375,17.8,7.94,8.425,26.605,4046,235.25,89.5,17.25,29.4025,8.5,0.055,23.8375,40.6725,51.494317,-0.594135
"22","Jubilee River at Pocock's Bridge","2012","12",27.94,18.7333333333333,7.99333333333333,4.8,13.6533333333333,4481.33333333333,127,121,15.6666666666667,32.8433333333333,9,0.0666666666666667,27.94,41.97,51.494317,-0.594135
"23","Jubilee River at Pocock's Bridge","2013","01",28.3375,22,8.02,5.825,10.62,4300.5,141,165.75,17,38.4925,7.75,0.0775,28.3375,41.0875,51.494317,-0.594135
"24","Jubilee River at Pocock's Bridge","2013","02",26.875,17.45,7.9925,5.525,12.2575,4090.25,128,162.5,17.25,31.6575,8.5,0.06425,26.875,37.8325,51.494317,-0.594135
"25","River Cherwell at Hampton Poyle","2010","10",22.42,40,7.95,7.2,8.5,4363,207,31,15,59.84,3,0.052,22.42,67.06,51.833191,-1.27724
"26","River Cherwell at Hampton Poyle","2010","11",25.398,32.4,7.942,6.46,10.292,4314,197.2,35.8,17,49.972,3.4,0.0598,25.398,68.216,51.833191,-1.27724
"27","River Cherwell at Hampton Poyle","2010","12",29.185,36.3,7.895,2.2,3.755,4403.5,173,56.5,21.5,56.795,8.5,0.0825,29.185,72.595,51.833191,-1.27724
"28","River Cherwell at Hampton Poyle","2011","06",20.095,47.175,7.855,16.05,12.2975,4493.75,206.5,48.75,22,63.01,4.75,0.06725,20.095,68.6125,51.833191,-1.27724
"29","River Cherwell at Hampton Poyle","2011","07",17.0575,46.45,7.8575,16.75,14.6675,4423,244.5,45,23.25,63.1325,4,0.084,17.0575,69.0825,51.833191,-1.27724
"30","River Cherwell at Hampton Poyle","2011","08",13.754,62.96,7.82,16.48,15.04,4813.8,231,47.6,21.6,76.964,3,0.0964,13.754,72.186,51.833191,-1.27724
"31","River Cherwell at Hampton Poyle","2011","09",17.86,60.9,7.835,14.875,11.605,4648.5,307.75,34,21.5,80.96,3,0.1255,17.86,75.855,51.833191,-1.27724
"32","River Cherwell at Hampton Poyle","2011","10",16.5225,62.575,7.8025,12.95,12.045,4680.5,290.5,38.5,20.75,88.3625,3,0.1035,16.5225,82.5525,51.833191,-1.27724
"33","River Cherwell at Hampton Poyle","2011","11",22.252,59.74,7.764,10.12,8.352,4404.8,370.4,53.4,20,91.728,36.6,0.085,22.252,83.932,51.833191,-1.27724
"34","River Cherwell at Hampton Poyle","2011","12",25.65,64.8,7.88333333333333,4.33333333333333,6.6,4044.66666666667,355,45.6666666666667,21.3333333333333,100.08,3,0.11,25.65,84.41,51.833191,-1.27724
"35","River Cherwell at Hampton Poyle","2012","01",26.61,46.8,7.888,5.76,7.04,3931.8,282.8,34.8,22.8,77.696,3.8,0.0782,26.61,82.584,51.833191,-1.27724
"36","River Cherwell at Hampton Poyle","2012","02",27.3666666666667,44.8333333333333,7.91333333333333,5.4,5.07333333333333,4084.33333333333,200.666666666667,28.6666666666667,23,77.2233333333333,3,0.07,27.3666666666667,83.82,51.833191,-1.27724
"37","River Cherwell at Hampton Poyle","2012","03",21.0125,44.95,7.9575,8.675,4.9525,4164.25,176.25,38.5,23.5,76.04,3,0.085,21.0125,83.0375,51.833191,-1.27724
"38","River Cherwell at Hampton Poyle","2012","04",17.51,43.425,7.92,9.85,8.58,4105,203.25,25.5,23.5,71.525,12.75,0.0775,17.51,78.595,51.833191,-1.27724
"39","River Cherwell at Hampton Poyle","2012","05",23.004,20.14,7.796,13.24,12.464,3549.2,145.8,34.2,23.4,38.126,7,0.0494,23.004,56.544,51.833191,-1.27724
"40","River Cherwell at Hampton Poyle","2012","06",19.9225,23.575,7.8275,14.55,8.7275,3944.75,164,45.25,21,39.5325,6.75,0.06625,19.9225,55.4425,51.833191,-1.27724
"41","River Cherwell at Hampton Poyle","2012","07",15.87,20.58,7.82,16.74,10.222,4140.8,151.4,47.4,23.8,33.926,9.2,0.0702,15.87,48.508,51.833191,-1.27724
"42","River Cherwell at Hampton Poyle","2012","08",21.4125,28.775,7.915,17,9.3,4599.25,154.75,47.75,20.25,45.9275,5.5,0.0925,21.4125,61.4575,51.833191,-1.27724
"43","River Cherwell at Hampton Poyle","2012","09",21.635,31.575,8.035,14.225,11.4575,4440.25,154,34.25,22.5,48.2175,3.75,0.07325,21.635,63.2325,51.833191,-1.27724
"44","River Cherwell at Hampton Poyle","2012","10",27.048,20.44,7.968,10.64,17.064,4009.8,170.8,42,26.4,36.1,5,0.0604,27.048,55.22,51.833191,-1.27724
"45","River Cherwell at Hampton Poyle","2012","11",26.99,17.175,7.89,7.45,29.7775,3533.75,203.25,57.75,20.5,30.61,5,0.045,26.99,46.5575,51.833191,-1.27724
"46","River Cherwell at Hampton Poyle","2012","12",33.2066666666667,18.6333333333333,7.89333333333333,4.86666666666667,24.4766666666667,3534.33333333333,138.333333333333,53,23,35.3766666666667,7.33333333333333,0.06,33.2066666666667,46.43,51.833191,-1.27724
"47","River Cherwell at Hampton Poyle","2013","01",34.645,21.85,7.9775,4.825,15.525,3574.75,116.75,58.5,23,40.4125,5.5,0.0575,34.645,47.91,51.833191,-1.27724
"48","River Cherwell at Hampton Poyle","2013","02",34.52,17.575,7.93,4.8,27.6,3628,116,63.5,24.25,34.0575,5,0.0585,34.52,47,51.833191,-1.27724
"49","River Cole at Lynt Bridge","2010","10",13.52,35.5,7.93,7,8.25,3928,370,39,14,63.37,3,0.065,13.52,53.95,51.680375,-1.697669
"50","River Cole at Lynt Bridge","2010","11",12.798,26.82,7.912,6.34,7.972,4294.4,316.2,42.4,12,30.564,7,0.0384,12.798,39.27,51.680375,-1.697669
"51","River Cole at Lynt Bridge","2010","12",20.985,64.45,7.92,1.75,4.56,4633,321,91.5,20.5,103.625,10,0.102,20.985,65.84,51.680375,-1.697669
"52","River Cole at Lynt Bridge","2011","06",7.7725,28.525,7.6575,16.025,16.6025,3441.5,378,89.25,18.5,44.9925,9,0.0745,7.7725,42.685,51.680375,-1.697669
"53","River Cole at Lynt Bridge","2011","07",6.3475,30.65,7.6325,16.5,17.185,3637.25,411.25,72.5,20.25,46.28,7.25,0.07575,6.3475,46.62,51.680375,-1.697669
"54","River Cole at Lynt Bridge","2011","08",9.36,30.4,7.652,16.2,21.538,3705,467,70.8,17.8,48.854,7.4,0.0936,9.36,48.352,51.680375,-1.697669
"55","River Cole at Lynt Bridge","2011","09",10.215,34.475,7.6975,15.05,19.27,3937,495,45.5,19,54.1025,6.75,0.095,10.215,49.8375,51.680375,-1.697669
"56","River Cole at Lynt Bridge","2011","10",7.3925,39.125,7.7775,13.175,24.1925,4181.25,489.75,57.25,17.75,54.39,3,0.1265,7.3925,54.2625,51.680375,-1.697669
"57","River Cole at Lynt Bridge","2011","11",8.584,31.88,7.742,10.5,14.958,3789.6,523.4,50.4,18,47.704,20.6,0.0932,8.584,54.366,51.680375,-1.697669
"58","River Cole at Lynt Bridge","2011","12",15.25,53.7,7.85333333333333,4.8,12.75,3391.66666666667,371.333333333333,58.3333333333333,19.6666666666667,90.2933333333333,9.66666666666667,0.106666666666667,15.25,62.9133333333333,51.680375,-1.697669
"59","River Cole at Lynt Bridge","2012","01",24.724,32.74,7.944,5.52,9.364,4359,300.2,36.2,26.2,58.37,4.2,0.1256,24.724,80.748,51.680375,-1.697669
"60","River Cole at Lynt Bridge","2012","02",20.3033333333333,66.6,8.03666666666667,5.96666666666667,7.04,4474,279.666666666667,54.3333333333333,23.6666666666667,111.483333333333,3,0.0733333333333333,20.3033333333333,80.7266666666667,51.680375,-1.697669
"61","River Cole at Lynt Bridge","2012","03",18.2875,37.7,8.1,9.5,9.12,4546.25,236.75,42.5,25.25,65.4125,3,0.0525,18.2875,78.655,51.680375,-1.697669
"62","River Cole at Lynt Bridge","2012","04",13.895,34.825,8.0475,10.375,10.8175,4374.25,278,44.75,22.25,58.8875,16.25,0.09,13.895,67.6675,51.680375,-1.697669
"63","River Cole at Lynt Bridge","2012","05",20.804,21.1,7.908,13.4,13.032,4745,203,83,23.6,39.8,3.4,0.0592,20.804,54.066,51.680375,-1.697669
"64","River Cole at Lynt Bridge","2012","06",17.2233333333333,19.1666666666667,7.79333333333333,14.0333333333333,14.96,4432.33333333333,258.666666666667,106.666666666667,22,33.93,8.66666666666667,0.0583333333333333,17.2233333333333,47.1333333333333,51.680375,-1.697669
"65","River Cole at Lynt Bridge","2012","07",14.256,20.58,7.918,16,9.116,5267.8,230.6,55.2,23.4,35.084,3.8,0.08,14.256,50.026,51.680375,-1.697669
"66","River Cole at Lynt Bridge","2012","08",19.3025,19.7,7.9475,16.775,14.0825,4780,302.5,68.25,20.5,31.32,9.5,0.08625,19.3025,45.065,51.680375,-1.697669
"67","River Cole at Lynt Bridge","2012","09",20.235,20.7,8.065,14.1,21.185,4922,323.5,62,20.5,36.445,3.75,0.07475,20.235,50.6725,51.680375,-1.697669
"68","River Cole at Lynt Bridge","2012","10",23.448,18.66,7.954,10.94,12.24,5129.8,222.8,86.8,31.8,31.428,10,0.0814,23.448,52.776,51.680375,-1.697669
"69","River Cole at Lynt Bridge","2012","11",20.36,16,7.9225,7.9,19.4025,4478,266,50.5,24.25,27.46,4.5,0.0525,20.36,41.695,51.680375,-1.697669
"70","River Cole at Lynt Bridge","2012","12",25.7333333333333,18.7333333333333,8,5.96666666666667,13.85,4951,179.666666666667,70.6666666666667,22,34.82,8.33333333333333,0.07,25.7333333333333,46.0033333333333,51.680375,-1.697669
"71","River Cole at Lynt Bridge","2013","01",25.3625,26.075,8.0325,5.725,22.64,4523,201,78.25,22,48.96,6.25,0.165,25.3625,41.1425,51.680375,-1.697669
"72","River Cole at Lynt Bridge","2013","02",24.1775,17.3,7.9775,5.9,31.4425,4699.5,220.5,87.75,23.5,33.56,6.75,0.034,24.1775,39.45,51.680375,-1.697669
"73","River Coln at Whelford","2010","10",24.42,8.7,7.94,7.9,4.05,4159,98,39,13,17.23,14,0.05,24.42,35.49,51.690397,-1.754021
"74","River Coln at Whelford","2010","11",25.56,8.78,7.97,7.32,4.078,4415.2,101.8,40.8,11.6,17.338,7,0.0384,25.56,36.238,51.690397,-1.754021
"75","River Coln at Whelford","2010","12",26.995,8.75,7.88,4.65,5.99,4129.5,74.5,62.5,14,17.015,37.5,0.0435,26.995,34.975,51.690397,-1.754021
"76","River Coln at Whelford","2011","06",22.45,9.35,8.065,15.3,4.005,4150.75,111,56.5,15.75,16.73,13.5,0.03975,22.45,35.5325,51.690397,-1.754021
"77","River Coln at Whelford","2011","07",20.7025,9.525,8.095,15.825,2.405,4077,102.25,48.75,17.25,16.9525,9.75,0.04275,20.7025,36.67,51.690397,-1.754021
"78","River Coln at Whelford","2011","08",19.808,9.9,8.034,15.58,2.444,4214.2,130,44.8,14.8,17.312,10.2,0.0386,19.808,37.046,51.690397,-1.754021
"79","River Coln at Whelford","2011","09",19.31,9.775,8.025,14.4,3.9325,4266.75,130.5,29.5,16.5,17.6375,9,0.0385,19.31,37.7025,51.690397,-1.754021
"80","River Coln at Whelford","2011","10",19.0925,9.725,7.9925,12.875,4.435,4285,126,35.5,16,17.175,5.25,0.03925,19.0925,38.345,51.690397,-1.754021
"81","River Coln at Whelford","2011","11",19.934,10.38,7.93,10.5,5.304,4388.4,169.2,47.8,16.2,18.102,18.2,0.0398,19.934,39.312,51.690397,-1.754021
"82","River Coln at Whelford","2011","12",20.9366666666667,11.1,7.99,5.63333333333333,10.3066666666667,4183,171.666666666667,49,16.6666666666667,20.0133333333333,9,0.0266666666666667,20.9366666666667,39.2933333333333,51.690397,-1.754021
"83","River Coln at Whelford","2012","01",26.52,8.92,7.906,7.72,7.34,4067,111.6,47.4,16,17.654,9.4,0.0324,26.52,35.956,51.690397,-1.754021
"84","River Coln at Whelford","2012","02",27.7566666666667,9.6,7.93,8.56666666666667,3.99666666666667,4343.66666666667,80.3333333333333,26.3333333333333,15.3333333333333,18.71,9.33333333333333,0.0233333333333333,27.7566666666667,36.7133333333333,51.690397,-1.754021
"85","River Coln at Whelford","2012","03",25.5975,9.15,7.9675,10.65,4.07,4255.25,79.25,46,14.5,17.54,7.75,0.03,25.5975,36.1375,51.690397,-1.754021
"86","River Coln at Whelford","2012","04",22.43,9.225,8.0925,11.7,4.9425,4208,102.75,41.25,15.75,17.6575,9,0.04,22.43,36.35,51.690397,-1.754021
"87","River Coln at Whelford","2012","05",27.764,8.2,7.942,12.68,9.694,4249.6,63.4,56.2,13,16.15,9,0.0406,27.764,30.778,51.690397,-1.754021
"88","River Coln at Whelford","2012","06",26.56,8.175,8.03,13.575,5.2125,4286.25,51.5,37.5,13.75,16.1925,9.75,0.03725,26.56,31.19,51.690397,-1.754021
"89","River Coln at Whelford","2012","07",26.804,8.1,7.938,13.38,2.114,4458.6,41.8,58,13.6,15.9,5.6,0.0432,26.804,30.454,51.690397,-1.754021
"90","River Coln at Whelford","2012","08",24.7575,8.1,8.005,13.975,2.7525,4422.5,52.25,48,14,15.555,8.5,0.046,24.7575,30.46,51.690397,-1.754021
"91","River Coln at Whelford","2012","09",26.3625,8,8.02,12.5,4.2575,4224.5,59.75,73,14.75,15.5975,5,0.03975,26.3625,30.565,51.690397,-1.754021
"92","River Coln at Whelford","2012","10",29.274,7.94,7.976,10.8,3.054,4545.4,37.6,43.8,14,15.308,8,0.0438,29.274,30.332,51.690397,-1.754021
"93","River Coln at Whelford","2012","11",29.175,7.825,7.97,9.1,6.02,4343,60.25,45.25,12.5,14.75,4.75,0.0425,29.175,27.64,51.690397,-1.754021
"94","River Coln at Whelford","2012","12",31.22,7.8,7.98,7.36666666666667,3.66,4433.33333333333,39,44.6666666666667,10.6666666666667,15.82,6,0.0433333333333333,31.22,29.3166666666667,51.690397,-1.754021
"95","River Coln at Whelford","2013","01",30.175,7.975,8.0025,7.775,5.49,4106.5,33.5,65.25,13,15.83,8.25,0.04,30.175,29.9275,51.690397,-1.754021
"96","River Coln at Whelford","2013","02",31.4825,7.575,7.985,7.975,5.7,4131,29.5,55.25,14.25,15.5725,5.5,0.04375,31.4825,29.4275,51.690397,-1.754021
"97","River Enborne at Brimpton","2010","10",16.49,21.1,7.73,7.4,4.22,1953,194,56,14,42.78,3,0.07,16.49,27.53,51.380307,-1.183811
"98","River Enborne at Brimpton","2010","11",16.93,15.825,7.5825,6.475,5.9725,2330.25,167,73.25,5.75,32.7775,5.25,0.0595,16.93,32.0775,51.380307,-1.183811
"99","River Enborne at Brimpton","2010","12",15.615,22.2,7.68,2.15,2.48,2213.5,149.5,161.5,14,43.935,13,0.052,15.615,32.565,51.380307,-1.183811
"100","River Enborne at Brimpton","2011","06",18.87,21.125,7.68,15.3,11.7275,3081.25,255.25,89.75,15.5,38.365,9.75,0.067,18.87,23.4825,51.380307,-1.183811
"101","River Enborne at Brimpton","2011","07",19.78,24.4,7.7875,15.9,7.0825,3405.5,273.75,65,18,43.4225,5,0.05575,19.78,24.2575,51.380307,-1.183811
"102","River Enborne at Brimpton","2011","08",16.976,22.5,7.736,16.1,6.178,3168.8,285.2,80.2,15.4,41.532,6.8,0.0552,16.976,26.486,51.380307,-1.183811
"103","River Enborne at Brimpton","2011","09",16.835,22.7,7.6775,15.175,7.2725,2982.25,251.25,68,16,41.9825,4.75,0.071,16.835,25.745,51.380307,-1.183811
"104","River Enborne at Brimpton","2011","10",18.476,25.88,7.634,12.92,5.914,3169.8,221.6,45.8,13.6,46.216,17.2,0.0642,18.476,24.63,51.380307,-1.183811
"105","River Enborne at Brimpton","2011","11",15.6825,21.025,7.495,9.275,5.0425,2605,154.5,58.5,12.75,41.0575,21,0.06475,15.6825,28.945,51.380307,-1.183811
"106","River Enborne at Brimpton","2011","12",17.1133333333333,20.9666666666667,7.59,4.8,6.84,2328.66666666667,126.666666666667,103.666666666667,13.6666666666667,41.0733333333333,6,0.0633333333333333,17.1133333333333,30.2466666666667,51.380307,-1.183811
"107","River Enborne at Brimpton","2012","01",17.262,16.12,7.63,5.92,9.772,2476.4,118,83,14.2,32.586,7.2,0.0524,17.262,29.542,51.380307,-1.183811
"108","River Enborne at Brimpton","2012","02",16.5,20.9,7.935,6.05,3.365,2832,130.5,57,13,42.61,9,0.06,16.5,32.82,51.380307,-1.183811
"109","River Enborne at Brimpton","2012","03",14.8875,18.825,7.77,8.875,9.785,2484.5,144.25,95.75,13.25,36.9575,4.25,0.0575,14.8875,28.96,51.380307,-1.183811
"110","River Enborne at Brimpton","2012","04",15.31,18.86,7.874,9.36,9.364,2463.8,180.6,68,13.4,36.1,11.6,0.058,15.31,26.87,51.380307,-1.183811
"111","River Enborne at Brimpton","2012","05",16.2725,14.8,7.7725,12.275,6.8775,2969.5,119.25,61.75,13.75,29.15,3.25,0.05775,16.2725,25.715,51.380307,-1.183811
"112","River Enborne at Brimpton","2012","06",13.79,13.8666666666667,7.66333333333333,14.2,6.58333333333333,2692.33333333333,123.666666666667,45.3333333333333,12.6666666666667,26.6466666666667,4,0.0616666666666667,13.79,22.0033333333333,51.380307,-1.183811
"113","River Enborne at Brimpton","2012","07",14.84,13.14,7.746,14.76,7.026,3071.8,122.2,52.6,13.2,24.854,6.4,0.0734,14.84,21.118,51.380307,-1.183811
"114","River Enborne at Brimpton","2012","08",20.14,15.175,7.9375,15.9,11.2525,3845.25,129.75,68.5,12.5,30.0975,8.25,0.0765,20.14,22.855,51.380307,-1.183811
"115","River Enborne at Brimpton","2012","09",21.25,17.25,8.01,13.8,7.4725,3704.75,167.5,54.75,13.25,34.2425,5,0.054,21.25,23.97,51.380307,-1.183811
"116","River Enborne at Brimpton","2012","10",15.838,14.42,7.828,10.88,5.914,2927.4,140.4,87.6,15.2,27.332,8.6,0.0646,15.838,26.254,51.380307,-1.183811
"117","River Enborne at Brimpton","2012","11",13.83,11.85,7.6675,8,14.6475,2482.5,131.75,69.25,14,22.26,6.75,0.0475,13.83,20.7725,51.380307,-1.183811
"118","River Enborne at Brimpton","2012","12",14.96,15.9666666666667,7.77666666666667,6.23333333333333,8.93333333333333,2565.33333333333,92.3333333333333,135,9.66666666666667,31.7366666666667,10,0.0666666666666667,14.96,22.9333333333333,51.380307,-1.183811
"119","River Enborne at Brimpton","2013","01",16.0525,16.45,7.85,5.9,8.63,2637.75,110.25,148,11.5,32.575,9.25,0.065,16.0525,21.975,51.380307,-1.183811
"120","River Enborne at Brimpton","2013","02",16.075,13.45,7.79,5.725,11.1,2535.75,103.5,109.5,12.75,27.015,10.25,0.0665,16.075,21.6725,51.380307,-1.183811
"121","River Evenlode at Cassington Mill","2010","10",24.29,18,7.93,6.9,6.2,3881,268,22,12,30.38,3,0.039,24.29,47.7,51.787779,-1.353355
"122","River Evenlode at Cassington Mill","2010","11",26.084,16.18,7.926,6.4,44.862,4239,366.6,63.8,10.8,26.77,4.6,0.0538,26.084,47.668,51.787779,-1.353355
"123","River Evenlode at Cassington Mill","2010","12",31.34,16.4,7.94,2.5,2.635,4307.5,221,56,14,26.945,15.5,0.059,31.34,49.02,51.787779,-1.353355
"124","River Evenlode at Cassington Mill","2011","06",19.2325,21.725,7.855,15.725,10.0375,3918.75,332,58,15,31.07,14.75,0.05775,19.2325,49.1575,51.787779,-1.353355
"125","River Evenlode at Cassington Mill","2011","07",16.8875,23.475,7.8725,16.525,10.4175,4013.75,357.5,44.75,16.5,33.21,5.75,0.06025,16.8875,50.4675,51.787779,-1.353355
"126","River Evenlode at Cassington Mill","2011","08",15.932,25.4,7.91,16.06,10.806,4076.2,398.4,62.4,14.6,35.464,5.4,0.0608,15.932,52.552,51.787779,-1.353355
"127","River Evenlode at Cassington Mill","2011","09",16.5825,25.2,7.8525,14.525,11.465,4123.75,410,29.5,15,36.4,3,0.06575,16.5825,54.8725,51.787779,-1.353355
"128","River Evenlode at Cassington Mill","2011","10",15.9,26.725,7.8825,12.8,8.83,4273.5,447.25,35.5,14.25,37.04,3.5,0.0595,15.9,57.735,51.787779,-1.353355
"129","River Evenlode at Cassington Mill","2011","11",17.816,26.22,7.814,10.08,7.014,4207,506.4,54.6,13.8,37.648,19,0.0484,17.816,58.328,51.787779,-1.353355
"130","River Evenlode at Cassington Mill","2011","12",24.3166666666667,25.8,7.89666666666667,4.66666666666667,13.08,3847.66666666667,492.333333333333,53,15.6666666666667,38.56,8,0.05,24.3166666666667,60.89,51.787779,-1.353355
"131","River Evenlode at Cassington Mill","2012","01",24.322,18.5,7.92,5.66,10.27,4017.8,275.2,25.6,16,30.102,6.2,0.0426,24.322,55.398,51.787779,-1.353355
"132","River Evenlode at Cassington Mill","2012","02",25.87,18.5,7.88666666666667,5.83333333333333,10.83,4038.33333333333,243.333333333333,31.3333333333333,14.6666666666667,30.85,10,0.0466666666666667,25.87,54.35,51.787779,-1.353355
"133","River Evenlode at Cassington Mill","2012","03",23.0925,17.8,7.935,8.775,11.9275,3917,256.75,32.25,14.75,28.78,3,0.055,23.0925,53.21,51.787779,-1.353355
"134","River Evenlode at Cassington Mill","2012","04",19.8475,18.5,7.9325,10.2,6.2825,3710.25,261.75,37.75,15.25,29.01,5.25,0.055,19.8475,52.63,51.787779,-1.353355
"135","River Evenlode at Cassington Mill","2012","05",26.436,11.1,7.846,12.74,23.994,3724.2,169.4,75.6,14.8,19.37,9.8,0.0442,26.436,38.084,51.787779,-1.353355
"136","River Evenlode at Cassington Mill","2012","06",21.59,13.025,7.84,14.075,20.225,4075.5,222.5,48.25,14,21.3025,6.75,0.044,21.59,39.63,51.787779,-1.353355
"137","River Evenlode at Cassington Mill","2012","07",20.422,11.92,7.852,15.76,18.62,4475,176.4,51.2,15.6,19.49,4.6,0.0546,20.422,37.396,51.787779,-1.353355
"138","River Evenlode at Cassington Mill","2012","08",21.9375,13.825,7.8675,16.425,12.96,4426.75,171.5,56.25,13,21.8775,6.5,0.06725,21.9375,41.69,51.787779,-1.353355
"139","River Evenlode at Cassington Mill","2012","09",23.2875,14.8,8,14.05,16.235,4206,219.75,41,13.25,23.92,4.25,0.05275,23.2875,44.8575,51.787779,-1.353355
"140","River Evenlode at Cassington Mill","2012","10",28.096,11.48,7.97,10.64,21.104,4247.8,141,50,16.2,19.516,5.4,0.057,28.096,38.3,51.787779,-1.353355
"141","River Evenlode at Cassington Mill","2012","11",26.29,9.625,7.955,7.4,38.265,3841.25,215.25,45.5,16,16.1825,5.25,0.035,26.29,30.0425,51.787779,-1.353355
"142","River Evenlode at Cassington Mill","2012","12",33.5466666666667,10.8666666666667,8.01333333333333,5.7,18.9066666666667,4273.66666666667,118,54.6666666666667,13.6666666666667,19.7666666666667,5.33333333333333,0.05,33.5466666666667,35.84,51.787779,-1.353355
"143","River Evenlode at Cassington Mill","2013","01",31.08,11.425,8.0275,5.575,22.5775,3737,156,52.25,14.75,20.325,8,0.045,31.08,32.825,51.787779,-1.353355
"144","River Evenlode at Cassington Mill","2013","02",33.495,10.025,7.975,5.65,34.735,3964.5,160.25,58.75,14.25,18.69,5.5,0.049,33.495,33.0925,51.787779,-1.353355
"145","River Kennet at Woolhampton","2010","10",23.62,11.5,7.95,8.1,6.06,4403,41,144,14,23.48,12,0.047,23.62,17.25,51.39646,-1.179212
"146","River Kennet at Woolhampton","2010","11",23.23,11.88,7.984,7.52,4.874,4787.2,59.2,47.2,10.4,22.982,3.8,0.0426,23.23,19.782,51.39646,-1.179212
"147","River Kennet at Woolhampton","2010","12",25.49,14.6,8.04,3.85,3.155,4602,70,43.5,13.5,25.555,41.5,0.047,25.49,20.165,51.39646,-1.179212
"148","River Kennet at Woolhampton","2011","06",21.5075,12.625,7.995,16.525,9.495,4441,61.5,39.5,14,22.55,7,0.07475,21.5075,17.6425,51.39646,-1.179212
"149","River Kennet at Woolhampton","2011","07",20.6275,12.975,8.0425,16.825,7.12,4483.25,146,23.25,15.75,23.1275,6.75,0.04375,20.6275,17.475,51.39646,-1.179212
"150","River Kennet at Woolhampton","2011","08",20.796,14.02,8.038,16.52,7.72,4624.2,97.8,20.8,13.6,24.512,9.4,0.0648,20.796,18.308,51.39646,-1.179212
"151","River Kennet at Woolhampton","2011","09",22.5725,14.6,8.03,15.375,7.3125,4461.75,57,29.75,14.25,25.98,14.25,0.06225,22.5725,20.58,51.39646,-1.179212
"152","River Kennet at Woolhampton","2011","10",23.034,15.36,7.928,12.92,6.576,4653.4,48.2,54.2,13.6,26.078,7.4,0.0516,23.034,20.81,51.39646,-1.179212
"153","River Kennet at Woolhampton","2011","11",23.7175,15.2,7.8925,9.6,4.4425,4512,67.75,42.25,13.75,26.235,11,0.04325,23.7175,20.625,51.39646,-1.179212
"154","River Kennet at Woolhampton","2011","12",24.7066666666667,19.8,7.94333333333333,5.56666666666667,4.09,4604.33333333333,68,45,14,31.8166666666667,7.66666666666667,0.0566666666666667,24.7066666666667,24.93,51.39646,-1.179212
"155","River Kennet at Woolhampton","2012","01",25.05,14.64,7.916,6.62,6.122,4476,75.2,59.2,14.8,26.228,6.2,0.0472,25.05,22.706,51.39646,-1.179212
"156","River Kennet at Woolhampton","2012","02",25.185,14.45,7.93,7.75,7.875,4713.5,67,25.5,13,27.42,10.5,0.035,25.185,22.24,51.39646,-1.179212
"157","River Kennet at Woolhampton","2012","03",22.6,14.25,7.8075,10.225,14.0275,4296.75,66,38.25,12.75,26,3,0.04,22.6,20.55,51.39646,-1.179212
"158","River Kennet at Woolhampton","2012","04",21.174,12.84,7.744,10.78,15.632,4097.2,82,88.4,13,23.802,19.6,0.046,21.174,19.992,51.39646,-1.179212
"159","River Kennet at Woolhampton","2012","05",22.3325,12.325,7.8975,13.725,13.91,4691.5,74.75,53.25,12,23.485,8.25,0.0485,22.3325,21.735,51.39646,-1.179212
"160","River Kennet at Woolhampton","2012","06",21.18,11.45,7.95,14.475,11.0175,4229.5,89.5,76,13.25,22.47,5.75,0.041,21.18,19.81,51.39646,-1.179212
"161","River Kennet at Woolhampton","2012","07",21.702,11.82,8.024,15.84,9.488,4587.8,62.2,49.8,13.2,22.458,5.4,0.0546,21.702,20.924,51.39646,-1.179212
"162","River Kennet at Woolhampton","2012","08",22.8325,11.325,8.07,16.425,6.7275,4716.25,53.25,41.25,12.5,21.935,5.5,0.05675,22.8325,18.6975,51.39646,-1.179212
"163","River Kennet at Woolhampton","2012","09",23.3125,11.675,8.155,14.15,7.955,4626,48,40.5,13,22.055,3.75,0.04325,23.3125,18.14,51.39646,-1.179212
"164","River Kennet at Woolhampton","2012","10",23.73,11.64,8.144,11,6.848,4813.4,49.8,38.6,13.2,22.222,4.2,0.0494,23.73,19.834,51.39646,-1.179212
"165","River Kennet at Woolhampton","2012","11",23.515,10.925,8.025,8.15,13.2625,4486.75,106,87,14.5,21.47,8.25,0.0425,23.515,19.28,51.39646,-1.179212
"166","River Kennet at Woolhampton","2012","12",27.7233333333333,11.5,8.05666666666667,7,9.10666666666667,4802.66666666667,84.6666666666667,75.3333333333333,11.6666666666667,24.5266666666667,6,0.0533333333333333,27.7233333333333,21.3133333333333,51.39646,-1.179212
"167","River Kennet at Woolhampton","2013","01",28.0675,12.4,8.035,6.825,7.9775,4550.25,114.5,135.5,15,25.6425,8.5,0.045,28.0675,20.2575,51.39646,-1.179212
"168","River Kennet at Woolhampton","2013","02",27.71,10.925,8.0175,6.925,7.765,4526,112.5,147.5,13.25,23.5175,10.5,0.04575,27.71,20.13,51.39646,-1.179212
"169","River Leach at Mill Lane,Lechlade","2010","10",26.77,8.1,7.94,6.9,2.24,4400,33,59,7,16.51,29,0.051,26.77,39.4,51.694691,-1.671531
"170","River Leach at Mill Lane,Lechlade","2010","11",27.456,8.42,7.914,6.78,1.556,4549.8,31,69.4,11.4,16.808,10.6,0.0382,27.456,40.166,51.694691,-1.671531
"171","River Leach at Mill Lane,Lechlade","2010","12",29.45,8.2,7.8,4.65,2.215,4179,21.5,47,11.5,16.355,9.5,0.0445,29.45,37.76,51.694691,-1.671531
"172","River Leach at Mill Lane,Lechlade","2011","06",27.73,8.575,7.89,14.8,1.9175,4280.75,46.75,106.5,12.25,15.8725,30.5,0.0395,27.73,37.1025,51.694691,-1.671531
"173","River Leach at Mill Lane,Lechlade","2011","07",25.575,8.875,7.925,15.725,1.2825,4361.25,51,63.25,13.5,16.3425,27,0.04,25.575,39.1425,51.694691,-1.671531
"174","River Leach at Mill Lane,Lechlade","2011","08",21.75,8.94,7.95,15.98,1.41,4281,45.2,40.4,11.6,16.348,10.8,0.0348,21.75,39.404,51.694691,-1.671531
"175","River Leach at Mill Lane,Lechlade","2011","09",21.3675,8.9,7.865,14.575,5.8,4318,47.5,25,12,16.885,8.75,0.0305,21.3675,40.7925,51.694691,-1.671531
"176","River Leach at Mill Lane,Lechlade","2011","10",19.75,9.175,7.9025,13.275,2.2625,4383.25,48.75,32.25,12.5,16.9275,8.5,0.03225,19.75,41.5275,51.694691,-1.671531
"177","River Leach at Mill Lane,Lechlade","2011","11",19.034,9.44,7.8,10.34,1.492,4675.4,62.4,60.2,12.6,17.324,25.2,0.034,19.034,41.956,51.694691,-1.671531
"178","River Leach at Mill Lane,Lechlade","2011","12",19.65,10,7.94666666666667,4.43333333333333,1.40666666666667,4298.33333333333,53.6666666666667,90,12.3333333333333,17.98,12.6666666666667,0.0233333333333333,19.65,42.9166666666667,51.694691,-1.671531
"179","River Leach at Mill Lane,Lechlade","2012","01",28.224,8.52,7.962,7.3,2.234,4353.4,39.6,100.6,13.4,17.112,10.6,0.0384,28.224,40.028,51.694691,-1.671531
"180","River Leach at Mill Lane,Lechlade","2012","02",32.4966666666667,8.66666666666667,7.93,8.2,2.37333333333333,4552.33333333333,42.6666666666667,58.6666666666667,11.3333333333333,17.34,13.3333333333333,0.0366666666666667,32.4966666666667,38.4733333333333,51.694691,-1.671531
"181","River Leach at Mill Lane,Lechlade","2012","03",33.2725,8.4,7.91,9.475,2.6325,4429,23,103.25,11.5,16.5875,10.5,0.04,33.2725,37.02,51.694691,-1.671531
"182","River Leach at Mill Lane,Lechlade","2012","04",30.225,8.4,7.925,10.15,2.415,4244.25,51.25,114.25,12.25,16.3975,8.25,0.0425,30.225,36.7675,51.694691,-1.671531
"183","River Leach at Mill Lane,Lechlade","2012","05",30.93,7.92,7.932,11.82,9.006,4284,47.8,69.6,12,15.71,10.8,0.0424,30.93,31.69,51.694691,-1.671531
"184","River Leach at Mill Lane,Lechlade","2012","06",31.66,7.9,7.965,12.8,2.1725,4483.5,27.5,93.25,11.75,15.6475,12.5,0.04525,31.66,32.3475,51.694691,-1.671531
"185","River Leach at Mill Lane,Lechlade","2012","07",28.992,8.08,7.978,13.56,1.746,4728,26,74,11,15.956,7.6,0.0514,28.992,31.602,51.694691,-1.671531
"186","River Leach at Mill Lane,Lechlade","2012","08",27.2425,8.575,7.9675,14.6,1.9375,4583.25,33.25,66.5,12.75,16.64,9.25,0.065,27.2425,30.83,51.694691,-1.671531
"187","River Leach at Mill Lane,Lechlade","2012","09",31.6925,8,8.04,12.725,2.205,4465,23.25,66.25,11.75,15.805,5.75,0.04225,31.6925,33.21,51.694691,-1.671531
"188","River Leach at Mill Lane,Lechlade","2012","10",33.032,8.16,8.028,10.7,2.626,4690.2,16.6,49.2,12.8,15.766,3.6,0.0472,33.032,32.014,51.694691,-1.671531
"189","River Leach at Mill Lane,Lechlade","2012","11",35.6475,7.575,8.04,8.65,4.9175,4438.25,31,39.5,12,14.58,4.75,0.0425,35.6475,27.195,51.694691,-1.671531
"190","River Leach at Mill Lane,Lechlade","2012","12",38.51,7.43333333333333,8.04,6.7,5.63666666666667,4613.33333333333,24.3333333333333,48.6666666666667,9.66666666666667,14.8266666666667,3.66666666666667,0.0466666666666667,38.51,28.1633333333333,51.694691,-1.671531
"191","River Leach at Mill Lane,Lechlade","2013","01",38.7225,7.45,8.0425,7.65,8.6225,4382,39.75,54,12,14.3425,4.5,0.035,38.7225,28.295,51.694691,-1.671531
"192","River Leach at Mill Lane,Lechlade","2013","02",35.0275,7.75,7.93,7.125,8.5625,4545,26,51.25,13.25,15.36,3.75,0.04375,35.0275,25.885,51.694691,-1.671531
"193","River Lodden at Charvil","2010","10",33.51,32.7,7.77,9,3.81,3010,148,46,12,54.54,3,0.086,33.51,41.12,51.482999,-0.879553
"194","River Lodden at Charvil","2010","11",35.622,35.1,7.784,8.06,4.662,3301.6,185.6,68,10.8,59.716,5,0.086,35.622,50.188,51.482999,-0.879553
"195","River Lodden at Charvil","2010","12",35.895,73.85,7.565,3.95,4.77,3147.5,151,181,12.5,118.335,13.5,0.1045,35.895,49.9,51.482999,-0.879553
"196","River Lodden at Charvil","2011","06",35.1825,44.025,7.7475,16.6,4.305,2912.75,223.5,84.25,14.25,62.7475,7.5,0.09225,35.1825,50.8425,51.482999,-0.879553
"197","River Lodden at Charvil","2011","07",40.91,49.375,7.8575,16.625,3.12,3261.25,183.25,71.5,16.5,70.4125,7.5,0.10125,40.91,56.505,51.482999,-0.879553
"198","River Lodden at Charvil","2011","08",36.882,44.56,7.712,16.88,2.48,2935.6,174,36.6,14.6,65.028,3.8,0.0918,36.882,51.23,51.482999,-0.879553
"199","River Lodden at Charvil","2011","09",39.865,46.725,7.715,15.75,2.5475,3134,167.5,49,14.75,67.6325,5,0.085,39.865,52.01,51.482999,-0.879553
"200","River Lodden at Charvil","2011","10",42.954,48.68,7.762,13.74,2.736,3314.8,181.2,37.4,13.8,70.662,15.6,0.0882,42.954,53.692,51.482999,-0.879553
"201","River Lodden at Charvil","2011","11",38.6725,42,7.6525,10.35,3.8875,3123.5,208,53,14.25,61.8,29.5,0.09025,38.6725,53.2625,51.482999,-0.879553
"202","River Lodden at Charvil","2011","12",37.9,42.9333333333333,7.63333333333333,5.96666666666667,6.33666666666667,2851,207.333333333333,106,15,66.38,10.6666666666667,0.0966666666666667,37.9,52.26,51.482999,-0.879553
"203","River Lodden at Charvil","2012","01",36.098,36.5,7.676,6.82,9.618,3026,218.4,108,16.6,58.206,20.4,0.0942,36.098,51.986,51.482999,-0.879553
"204","River Lodden at Charvil","2012","02",42.905,49.2,7.88,7.6,4.34,3501,197,27.5,15,81.145,17.5,0.095,42.905,60.995,51.482999,-0.879553
"205","River Lodden at Charvil","2012","03",39.2675,44.45,7.9075,10.3,13.6225,3233.75,279.5,144.75,15,70.49,10,0.095,39.2675,55.735,51.482999,-0.879553
"206","River Lodden at Charvil","2012","04",31.764,39.92,7.806,10.5,12.52,2857.4,254.6,77.2,15.2,61.592,12.2,0.092,31.764,49.684,51.482999,-0.879553
"207","River Lodden at Charvil","2012","05",30.6275,35.4,7.7825,13.6,6.58,3444.25,193.75,67.75,14.75,55.45,15.25,0.08575,30.6275,51.01,51.482999,-0.879553
"208","River Lodden at Charvil","2012","06",23.1775,29,7.68,14.875,6.895,2882,201.25,62.5,13.5,45.825,4.25,0.0715,23.1775,38.975,51.482999,-0.879553
"209","River Lodden at Charvil","2012","07",25.898,30.72,7.796,16.36,6.402,3456.8,214.4,58.8,14.6,47.064,18.4,0.0966,25.898,40.4,51.482999,-0.879553
"210","River Lodden at Charvil","2012","08",35.5925,39.125,7.89,17.775,3.36,3580,193,57.75,13,56.76,8,0.107,35.5925,44.3475,51.482999,-0.879553
"211","River Lodden at Charvil","2012","09",43.07,43.525,7.9975,14.95,4.1825,3526.25,237.75,45,13,61.3775,5,0.0805,43.07,49.07,51.482999,-0.879553
"212","River Lodden at Charvil","2012","10",29.694,31.24,7.858,11.56,8.914,3287,184,80.6,14.4,48.256,8,0.0752,29.694,47.344,51.482999,-0.879553
"213","River Lodden at Charvil","2012","11",25.0225,24.525,7.6925,8.325,25.6075,2712.25,235,133.25,14.75,39.755,8,0.065,25.0225,37.3975,51.482999,-0.879553
"214","River Lodden at Charvil","2012","12",27.9266666666667,31.1,7.80666666666667,6.33333333333333,8.59666666666667,3216.33333333333,135,156.333333333333,11.3333333333333,53.42,14.6666666666667,0.0866666666666667,27.9266666666667,43.44,51.482999,-0.879553
"215","River Lodden at Charvil","2013","01",27.4325,36.8,7.79,6.15,14.0525,3128.5,200.25,157.5,14.25,62.3375,9.75,0.09,27.4325,38.495,51.482999,-0.879553
"216","River Lodden at Charvil","2013","02",27.6,28.275,7.755,5.875,25.785,3022.5,235,183.75,14.25,49.6725,9.75,0.08775,27.6,38.575,51.482999,-0.879553
"217","River Ock at Abingdon","2010","10",26.44,23.6,7.95,7.4,5.52,4638,331,51,12,39.01,5,0.084,26.44,76.35,51.666904,-1.285672
"218","River Ock at Abingdon","2010","11",30.396,27.46,7.946,6.94,5.54,5088.4,352.8,82,14.6,44.32,12,0.1,30.396,84.616,51.666904,-1.285672
"219","River Ock at Abingdon","2010","12",31.91,32.65,7.92,3.1,3.49,4778.5,355,114,18,52.26,26.5,0.0995,31.91,85.865,51.666904,-1.285672
"220","River Ock at Abingdon","2011","06",25.71,26.675,7.9525,16.15,12.0925,4398,475.25,73,16.75,38.495,13.5,0.09825,25.71,65.9775,51.666904,-1.285672
"221","River Ock at Abingdon","2011","07",28.7875,30.05,7.9125,16.425,11.4325,4375,454.25,56.75,17.5,42.125,13,0.11525,28.7875,69.3625,51.666904,-1.285672
"222","River Ock at Abingdon","2011","08",27.608,30.14,7.884,16.3,12.642,4447.6,452.6,53.2,16.6,42.84,8.6,0.1042,27.608,71.446,51.666904,-1.285672
"223","River Ock at Abingdon","2011","09",28.88,32.225,7.8425,15.15,14.305,4432,469.5,42.25,17,46.62,9,0.09125,28.88,79.77,51.666904,-1.285672
"224","River Ock at Abingdon","2011","10",30.4475,35.2,7.8925,13.75,12.585,4477.5,583,38,15.75,48.8725,5.5,0.09575,30.4475,85.175,51.666904,-1.285672
"225","River Ock at Abingdon","2011","11",28.18,31.2,7.842,10.9,8.874,4861,463.8,47.4,16,48.372,26.8,0.0568,28.18,96.324,51.666904,-1.285672
"226","River Ock at Abingdon","2011","12",31.4533333333333,34.6666666666667,7.83666666666667,5.46666666666667,13.6766666666667,4220.33333333333,405.666666666667,153.666666666667,17.6666666666667,54.2766666666667,23,0.133333333333333,31.4533333333333,96.3566666666667,51.666904,-1.285672
"227","River Ock at Abingdon","2012","01",30.738,30.04,7.96,5.98,8.976,4516.8,330,44.4,20.2,50.378,6.4,0.1448,30.738,95.29,51.666904,-1.285672
"228","River Ock at Abingdon","2012","02",32.3233333333333,40.3666666666667,8.07,6.26666666666667,4.43333333333333,4887.66666666667,298.333333333333,53,20.6666666666667,66.83,10,0.153333333333333,32.3233333333333,101.833333333333,51.666904,-1.285672
"229","River Ock at Abingdon","2012","03",31.0375,30.65,8.15,9.25,7.05,4779.25,322.5,50.25,22.25,51.2825,4.5,0.0825,31.0375,96.0675,51.666904,-1.285672
"230","River Ock at Abingdon","2012","04",29.8925,29.375,8.1775,10.3,7.465,4687.75,316,39.75,22,48.9925,12.25,0.08,29.8925,87.38,51.666904,-1.285672
"231","River Ock at Abingdon","2012","05",28.438,19.56,7.924,13.44,16.156,4854.6,253.4,92.8,28.6,33.46,4,0.0584,28.438,62.648,51.666904,-1.285672
"232","River Ock at Abingdon","2012","06",24.865,18.5,7.8275,14.025,17.79,4828.75,329.75,84.75,28.75,30.6225,8.75,0.0615,24.865,56.99,51.666904,-1.285672
"233","River Ock at Abingdon","2012","07",23.48,21.64,7.962,15.66,4.948,5344.2,267.2,63.6,24,34.306,5.8,0.0908,23.48,63.618,51.666904,-1.285672
"234","River Ock at Abingdon","2012","08",25.37,20.425,7.9975,16.5,9.8325,5154,308.25,51,27,32.3825,9.75,0.0925,25.37,61.22,51.666904,-1.285672
"235","River Ock at Abingdon","2012","09",25.83,22.5666666666667,8.19,14.9666666666667,5.93333333333333,5274.33333333333,297,41,23.3333333333333,35.3933333333333,4,0.0853333333333333,25.83,69.0466666666667,51.666904,-1.285672
"236","River Ock at Abingdon","2012","10",29.19,19.8,7.984,11.22,9.702,5461,240.2,44.4,37.4,31.166,8.6,0.0846,29.19,61.302,51.666904,-1.285672
"237","River Ock at Abingdon","2012","11",24.9175,16.55,7.9625,5.9,20.6,4800,328,45.75,28,26.2575,9,0.06,24.9175,48.035,51.666904,-1.285672
"238","River Ock at Abingdon","2012","12",29.85,17.7333333333333,7.97333333333333,5.73333333333333,17.6166666666667,5274.66666666667,251.333333333333,94.6666666666667,27.6666666666667,30.6433333333333,13,0.09,29.85,53.5566666666667,51.666904,-1.285672
"239","River Ock at Abingdon","2013","01",28.01,22.1,8.0475,5.875,28.605,4667.25,241.25,107.25,24.25,37.54,9.5,0.0775,28.01,46.1825,51.666904,-1.285672
"240","River Ock at Abingdon","2013","02",28.4625,16.625,7.9375,6.225,36.41,4847.25,251.5,119.5,29.5,28.81,9.5,0.0625,28.4625,45.845,51.666904,-1.285672
"241","River Pang at Tidmarsh","2010","10",28.67,10.3,7.98,7.7,4.69,4153,39,83,13,23.11,3,0.059,28.67,17.81,51.467704,-1.085798
"242","River Pang at Tidmarsh","2010","11",28.396,11.82,7.89,7.06,4.324,4653.8,74.8,34.6,11.2,24.596,3.4,0.05,28.396,21.294,51.467704,-1.085798
"243","River Pang at Tidmarsh","2010","12",29.54,13.5,7.885,4.05,13.47,4438.5,90,46.5,15,28.25,4,0.0585,29.54,20.075,51.467704,-1.085798
"244","River Pang at Tidmarsh","2011","06",27.05,12.525,7.8625,14.15,4.5325,4615.75,55,43.75,15.75,23.8175,6.25,0.052,27.05,17.705,51.467704,-1.085798
"245","River Pang at Tidmarsh","2011","07",26.9325,11.35,7.9875,15,4.6075,4665.75,32,34.75,18,22.7625,6.75,0.06,26.9325,17.9125,51.467704,-1.085798
"246","River Pang at Tidmarsh","2011","08",26.752,11.08,7.89,14.8,6.026,4772.6,38.8,28.4,15.6,22.344,6,0.046,26.752,17.362,51.467704,-1.085798
"247","River Pang at Tidmarsh","2011","09",26.71,10.825,7.905,14.225,69.5625,4657,92.75,41.5,16,22.49,6.75,0.066,26.71,17.5575,51.467704,-1.085798
"248","River Pang at Tidmarsh","2011","10",27.514,10.88,7.85,12.34,6.55,4683.8,35.4,32,15.6,21.768,9.4,0.0528,27.514,17.706,51.467704,-1.085798
"249","River Pang at Tidmarsh","2011","11",27.755,10.95,7.7925,9.075,3.3125,4789.5,35.25,41.75,15.25,22.335,10,0.046,27.755,17.955,51.467704,-1.085798
"250","River Pang at Tidmarsh","2011","12",28.5033333333333,12.4,7.84333333333333,5.7,6.24333333333333,4483.33333333333,50,40.6666666666667,15.3333333333333,25.09,4,0.05,28.5033333333333,19.5333333333333,51.467704,-1.085798
"251","River Pang at Tidmarsh","2012","01",28.178,12.28,7.808,6.68,4.512,4462.8,67.2,37.2,16.2,25.336,3.8,0.047,28.178,21.456,51.467704,-1.085798
"252","River Pang at Tidmarsh","2012","02",28.72,12.65,7.99,7.5,3.195,4847.5,47,26.5,15,26.72,11,0.045,28.72,21.67,51.467704,-1.085798
"253","River Pang at Tidmarsh","2012","03",26.87,13.15,8.0825,9.65,5.695,4378.5,61,57.25,16.5,26.56,7.25,0.055,26.87,21.135,51.467704,-1.085798
"254","River Pang at Tidmarsh","2012","04",24.492,12.16,7.874,10.4,9.966,4111.4,82.2,44.2,15.6,24.336,8.6,0.052,24.492,20.09,51.467704,-1.085798
"255","River Pang at Tidmarsh","2012","05",25.5325,12.1,7.9825,12.675,7.055,4464.5,53.25,46.5,15.25,24.6325,5,0.051,25.5325,20.955,51.467704,-1.085798
"256","River Pang at Tidmarsh","2012","06",22.575,12.225,7.86,13.325,36.075,3719.5,225.75,102.5,15,23.14,56,0.0475,22.575,19.9725,51.467704,-1.085798
"257","River Pang at Tidmarsh","2012","07",24.678,12.26,7.908,14.54,4.026,4625.4,71.8,41,16,24.22,6,0.0656,24.678,19.532,51.467704,-1.085798
"258","River Pang at Tidmarsh","2012","08",26.045,11.825,7.9675,15.05,3.315,4937.25,32.25,58.25,14,23.365,5.75,0.0705,26.045,17.57,51.467704,-1.085798
"259","River Pang at Tidmarsh","2012","09",27.39,12.225,8.04,13.75,3.695,4761.5,44.25,34.25,16.25,24.0025,3.25,0.05025,27.39,17.87,51.467704,-1.085798
"260","River Pang at Tidmarsh","2012","10",26.444,12.22,7.986,10.98,4.302,4634.4,59,33.6,17,23.676,5,0.0588,26.444,19.646,51.467704,-1.085798
"261","River Pang at Tidmarsh","2012","11",24.8525,12.375,7.8525,8.35,8.81,4014,108.75,47.75,16.25,23.82,4,0.0525,24.8525,19.45,51.467704,-1.085798
"262","River Pang at Tidmarsh","2012","12",27.8266666666667,13.5333333333333,7.88666666666667,7.3,8.43,4330.66666666667,75.6666666666667,86,11.3333333333333,27.01,8.33333333333333,0.0566666666666667,27.8266666666667,19.7633333333333,51.467704,-1.085798
"263","River Pang at Tidmarsh","2013","01",32.2525,14.55,7.935,6.85,10.965,4292.75,93,70,15.5,29.1775,4.75,0.0625,32.2525,18.6625,51.467704,-1.085798
"264","River Pang at Tidmarsh","2013","02",31.6725,13.025,7.8675,6.775,8.3225,4261.5,81.5,70.5,16.75,26.7325,9,0.05725,31.6725,18.09,51.467704,-1.085798
"265","River Ray at Islip","2010","10",37.66,55.6,7.66,7.1,2.75,3770,632,45,14,81.37,3,0.144,37.66,98.4,51.821247,-1.236807
"266","River Ray at Islip","2010","11",37.196,44.96,7.684,6.48,3.746,4365.2,495.8,71.6,14.2,61.46,4,0.1114,37.196,108.492,51.821247,-1.236807
"267","River Ray at Islip","2010","12",38.03,60.7,7.66,2.65,2.385,4276.5,486,178,18.5,87.035,23.5,0.111,38.03,105.285,51.821247,-1.236807
"268","River Ray at Islip","2011","06",36.5775,79.925,7.7625,16.075,1.4825,4051.5,868.5,59.5,20,88.4775,20.25,0.154,36.5775,125.26,51.821247,-1.236807
"269","River Ray at Islip","2011","07",32.7675,76.9,7.49,16.25,2.18,3883.5,1184.5,126.25,21.75,89.8125,22,0.15,32.7675,91.5475,51.821247,-1.236807
"270","River Ray at Islip","2011","08",32.95,81.48,7.352,15.86,2.506,4125.8,1140.8,75.2,18.8,96.364,13,0.1838,32.95,101.6,51.821247,-1.236807
"271","River Ray at Islip","2011","09",33.435,82.4,7.3475,14.425,6.29,3873.75,1074,46.5,19.75,97.48,13.75,0.1735,33.435,99.1975,51.821247,-1.236807
"272","River Ray at Islip","2011","10",37.485,96.55,7.365,12.8,4.6025,4009,1195.5,74.25,18,107.775,9.75,0.1725,37.485,117.405,51.821247,-1.236807
"273","River Ray at Islip","2011","11",41.898,80.9,7.348,10.3,2.762,3583.4,1082.8,101.8,17.6,96.366,45.8,0.137,41.898,106.114,51.821247,-1.236807
"274","River Ray at Islip","2011","12",48.7233333333333,79.9333333333333,7.51333333333333,4.66666666666667,3.78333333333333,3357.33333333333,772,212.666666666667,22,100.226666666667,49.6666666666667,0.146666666666667,48.7233333333333,122.646666666667,51.821247,-1.236807
"275","River Ray at Islip","2012","01",47.03,54.66,7.702,5.68,4.724,3891.8,445.6,138.4,22.2,77.968,31.2,0.1148,47.03,122.916,51.821247,-1.236807
"276","River Ray at Islip","2012","02",48.66,66.1333333333333,7.67666666666667,5.66666666666667,4.11333333333333,4042.33333333333,346.333333333333,121,20,103.496666666667,42.6666666666667,0.11,48.66,116.216666666667,51.821247,-1.236807
"277","River Ray at Islip","2012","03",44.765,50.55,7.7075,8.075,6.73,4085.25,405,72.5,21.5,74.58,8,0.0975,44.765,113.9175,51.821247,-1.236807
"278","River Ray at Islip","2012","04",42.6325,55.95,7.74,9.325,6.6075,4135.25,594.25,56,21,78.735,5,0.1125,42.6325,109.205,51.821247,-1.236807
"279","River Ray at Islip","2012","05",27.104,27.22,7.63,12.68,9.068,4198.8,247.2,83.2,21.4,39.718,5.6,0.0766,27.104,73.502,51.821247,-1.236807
"280","River Ray at Islip","2012","06",14.7425,22.975,7.3925,14.075,12.6125,3855.5,338.5,209.25,22.75,30.525,6.25,0.059,14.7425,66.175,51.821247,-1.236807
"281","River Ray at Islip","2012","07",18.786,24.42,7.55,16.02,5.534,4966.6,289.8,157.2,21.2,32.334,9.6,0.0964,18.786,56.6,51.821247,-1.236807
"282","River Ray at Islip","2012","08",22.315,32.05,7.6525,16.55,5.07,4981,290.25,81.25,18.5,41.5425,9,0.1115,22.315,69.07,51.821247,-1.236807
"283","River Ray at Islip","2012","09",25.2825,39.575,7.835,14.05,3.4275,4899.25,298.5,42.75,17.75,52.65,7.75,0.08825,25.2825,79.0525,51.821247,-1.236807
"284","River Ray at Islip","2012","10",30.472,22.56,7.698,10.98,11.478,4024.4,243.8,94.4,23.4,32.306,16.8,0.0858,30.472,68.988,51.821247,-1.236807
"285","River Ray at Islip","2012","11",22.2725,20.675,7.7025,7.55,23.37,4194.5,212.5,97,21.5,27.51,9.75,0.0625,22.2725,59.48,51.821247,-1.236807
"286","River Ray at Islip","2012","12",20.9633333333333,19.0333333333333,7.69,4.7,22.8166666666667,3828.66666666667,180,150,20.6666666666667,27.7733333333333,10,0.0833333333333333,20.9633333333333,57.0466666666667,51.821247,-1.236807
"287","River Ray at Islip","2013","01",22.5575,29.8,7.7425,4.9,28.9925,4144.5,199.5,223,21,44.9875,10.75,0.095,22.5575,61.5925,51.821247,-1.236807
"288","River Ray at Islip","2013","02",21.3025,20.15,7.7025,4.475,36.2825,3923,200,226.25,19.25,31.0775,11.5,0.0735,21.3025,52.6025,51.821247,-1.236807
"289","River Thame at Wheatley","2010","10",43.32,39.3,7.85,7.1,6.53,4145,806,176,14,60.79,3,0.075,43.32,71.93,51.740372,-1.115066
"290","River Thame at Wheatley","2010","11",38.696,36.18,7.868,6.62,7.546,4624.6,617.6,221.4,16.8,54.096,6.2,0.071,38.696,84.258,51.740372,-1.115066
"291","River Thame at Wheatley","2010","12",45.235,44.65,7.845,2.75,5.14,4647,699,335.5,22,69.82,25,0.0845,45.235,84.525,51.740372,-1.115066
"292","River Thame at Wheatley","2011","06",37.5525,50.55,7.685,16.65,11.5725,4264.5,872,252.25,19.75,65.735,16.5,0.07725,37.5525,62.325,51.740372,-1.115066
"293","River Thame at Wheatley","2011","07",38.405,53.375,7.6975,17.35,12.07,4244.75,947.5,187,21.25,68.1925,17.25,0.0955,38.405,69.285,51.740372,-1.115066
"294","River Thame at Wheatley","2011","08",32.928,55.48,7.688,16.82,13.722,4399.6,1040.8,182.6,19.2,69.908,17.2,0.1064,32.928,62.366,51.740372,-1.115066
"295","River Thame at Wheatley","2011","09",34.825,53.6,7.73,15.15,13.4125,4400,1055,229.5,19,69.6525,10.5,0.08875,34.825,60.04,51.740372,-1.115066
"296","River Thame at Wheatley","2011","10",41.7025,63.025,7.67,13.375,11.57,4488.25,1648,280,17.75,77.205,12.5,0.09125,41.7025,69.445,51.740372,-1.115066
"297","River Thame at Wheatley","2011","11",39.51,54.3,7.662,10.6,8.626,4147.8,1271.2,289.4,18.4,71.238,50.8,0.0732,39.51,70.668,51.740372,-1.115066
"298","River Thame at Wheatley","2011","12",44.9533333333333,59.8,7.80666666666667,4.7,7.46666666666667,3862,973.333333333333,230,22.3333333333333,85.12,14.6666666666667,0.0866666666666667,44.9533333333333,77.95,51.740372,-1.115066
"299","River Thame at Wheatley","2012","01",42.058,49.1,7.85,5.66,8.676,4250.8,790.4,257.4,27.2,72.382,7.6,0.0836,42.058,95.982,51.740372,-1.115066
"300","River Thame at Wheatley","2012","02",44.6733333333333,56.9333333333333,7.93666666666667,5.23333333333333,5.92333333333333,4561,573.666666666667,184.333333333333,26.6666666666667,85.21,8.66666666666667,0.0966666666666667,44.6733333333333,104.84,51.740372,-1.115066
"301","River Thame at Wheatley","2012","03",38.8125,45.875,7.8675,8.55,13.5525,4431.25,578.5,251.75,27.25,67.405,4.5,0.07,38.8125,91.775,51.740372,-1.115066
"302","River Thame at Wheatley","2012","04",33.9825,50.375,7.935,9.775,6.895,4483.25,671.5,250.25,24.5,72.6675,8.5,0.085,33.9825,86.425,51.740372,-1.115066
"303","River Thame at Wheatley","2012","05",21.074,27.48,7.74,13.5,17.358,4706.2,488,179.2,30.4,42.292,4.4,0.0612,21.074,73.378,51.740372,-1.115066
"304","River Thame at Wheatley","2012","06",14.7425,22.8,7.5625,14.45,18.475,3971.5,456.25,122.5,26.25,33.255,9,0.051,14.7425,58.1875,51.740372,-1.115066
"305","River Thame at Wheatley","2012","07",16.416,28.22,7.748,16.5,10.69,5346.8,525.8,113.4,27.6,40.696,22.2,0.091,16.416,64.444,51.740372,-1.115066
"306","River Thame at Wheatley","2012","08",26.74,37.75,7.7775,17.575,12.97,4800,583.25,145.5,19.5,51.8975,8.5,0.1025,26.74,69.61,51.740372,-1.115066
"307","River Thame at Wheatley","2012","09",30.7075,41.475,7.9025,14.65,18.6475,4447.75,652.5,144,19.75,57.51,10,0.079,30.7075,74.4125,51.740372,-1.115066
"308","River Thame at Wheatley","2012","10",34.658,26.02,7.852,10.86,17.424,4524.4,419,127,31.2,39.814,9.8,0.0724,34.658,75.266,51.740372,-1.115066
"309","River Thame at Wheatley","2012","11",22.1475,20.075,7.8325,7.225,19.855,4497,325.25,97.5,27.25,31.115,10.5,0.0525,22.1475,58.8275,51.740372,-1.115066
"310","River Thame at Wheatley","2012","12",26.9933333333333,21.8666666666667,7.89333333333333,5,18.3766666666667,4794.66666666667,307.666666666667,180,34.6666666666667,35.06,14,0.0666666666666667,26.9933333333333,60.13,51.740372,-1.115066
"311","River Thame at Wheatley","2013","01",25.9175,26.925,7.9125,4.7,18.0975,4720.75,291.25,187.75,28.25,44.3775,11,0.075,25.9175,61.035,51.740372,-1.115066
"312","River Thame at Wheatley","2013","02",23.21,22.6,7.855,4.5,33.545,4692,282,191.5,28,38.395,9.5,0.07175,23.21,54.8125,51.740372,-1.115066
"313","River Thames at Hannington Wick","2010","10",38.32,63.1,7.96,8.3,9.92,3883,312,44,14,79.59,3,0.122,38.32,85.47,51.663411,-1.748384
"314","River Thames at Hannington Wick","2010","11",32.414,36.74,7.9,7.58,10.482,4241.4,256.4,70.2,13.4,54.192,4.2,0.1066,32.414,72.152,51.663411,-1.748384
"315","River Thames at Hannington Wick","2010","12",35.62,42.55,8.01,3.9,5.76,4190,219,73,17.5,61.165,9,0.0895,35.62,68.38,51.663411,-1.748384
"316","River Thames at Hannington Wick","2011","06",33.2925,60.9,7.8475,16.925,11.33,3611.5,465.25,140.5,19.25,77.2875,14,0.17125,33.2925,86.305,51.663411,-1.748384
"317","River Thames at Hannington Wick","2011","07",43.7175,78.225,7.8375,17.875,10.2525,3787.25,469.75,47.5,21.5,94.0825,5.25,0.26475,43.7175,104.8,51.663411,-1.748384
"318","River Thames at Hannington Wick","2011","08",43.396,81.84,7.74,17.46,11.738,3697.4,420,40.4,18.8,101.37,12.2,0.2698,43.396,113.04,51.663411,-1.748384
"319","River Thames at Hannington Wick","2011","09",47.2675,92.975,7.76,15.9,14.52,3811.5,501.75,37.25,21,111.9925,3,0.212,47.2675,124.8275,51.663411,-1.748384
"320","River Thames at Hannington Wick","2011","10",53.9825,99.475,7.8625,14.325,18.8775,3847,619.5,38.25,20.25,118.99,3,0.23475,53.9825,133.75,51.663411,-1.748384
"321","River Thames at Hannington Wick","2011","11",59.376,82.8,7.768,11.4,13.168,3495.4,448.4,51,19,102.058,33.6,0.1938,59.376,130.698,51.663411,-1.748384
"322","River Thames at Hannington Wick","2011","12",44.25,56.7,7.70666666666667,6.5,55.5233333333333,3021.66666666667,478,141.333333333333,18.6666666666667,75.94,4.33333333333333,0.103333333333333,44.25,92.69,51.663411,-1.748384
"323","River Thames at Hannington Wick","2012","01",33.858,27.26,7.87,7.04,30.752,3922,219.8,50.4,18.4,43.19,10,0.0702,33.858,59.786,51.663411,-1.748384
"324","River Thames at Hannington Wick","2012","02",31.2266666666667,35.1,7.98,7.3,3.76,4141.33333333333,176.333333333333,50.3333333333333,17.3333333333333,54.86,8,0.08,31.2266666666667,62.8566666666667,51.663411,-1.748384
"325","River Thames at Hannington Wick","2012","03",29.8875,37.175,8.07,9.75,5.24,4115.75,178.25,46.25,18.5,53.6425,3,0.08,29.8875,69.535,51.663411,-1.748384
"326","River Thames at Hannington Wick","2012","04",27.0075,41.25,7.9375,10.825,6.4525,3698.75,238.75,71.75,18.5,57.4675,14.5,0.1,27.0075,72.28,51.663411,-1.748384
"327","River Thames at Hannington Wick","2012","05",22.964,18.74,7.768,13.18,12.078,3829.2,154.6,96.6,15.8,29.656,7.8,0.0584,22.964,40.632,51.663411,-1.748384
"328","River Thames at Hannington Wick","2012","06",18.3175,19.525,7.6475,14.7,7.6875,3772.25,234.5,182.25,16.5,29.7175,7,0.05775,18.3175,40.5525,51.663411,-1.748384
"329","River Thames at Hannington Wick","2012","07",18.882,18.86,7.788,16,3.314,4436.6,135.4,61.2,15.2,28.994,7.8,0.0764,18.882,37.992,51.663411,-1.748384
"330","River Thames at Hannington Wick","2012","08",21.825,23.95,7.8675,16.475,6.15,4224.25,176.75,81.75,14.75,33.9675,9.75,0.09075,21.825,43.8075,51.663411,-1.748384
"331","River Thames at Hannington Wick","2012","09",25.9825,23.55,7.985,14.9,7.57,4074,201.5,85.75,15.25,35.1175,8.5,0.0825,25.9825,42.84,51.663411,-1.748384
"332","River Thames at Hannington Wick","2012","10",24.634,19.14,7.86,11.34,7.612,4419,121.8,66,16,28.232,8.6,0.0762,24.634,39.716,51.663411,-1.748384
"333","River Thames at Hannington Wick","2012","11",20.5375,15.8,7.84,8.1,11.375,3937,165.5,118.5,14.5,23.97,6.25,0.055,20.5375,32.115,51.663411,-1.748384
"334","River Thames at Hannington Wick","2012","12",27.3333333333333,15.7,7.90666666666667,5.26666666666667,7.41666666666667,4342,101.333333333333,62,12.3333333333333,26.44,9,0.0633333333333333,27.3333333333333,33.83,51.663411,-1.748384
"335","River Thames at Hannington Wick","2013","01",25.7725,19.55,7.94,5.975,12.605,3740.5,122,130.5,14.5,32.87,8,0.055,25.7725,33.1425,51.663411,-1.748384
"336","River Thames at Hannington Wick","2013","02",25.245,15.525,7.895,6.125,11.385,3995.5,98,155.75,14,25.9,6.75,0.06,25.245,32.0175,51.663411,-1.748384
"337","River Thames at Newbridge","2010","10",29.28,32.7,8.01,7.4,9.88,4178,264,45,13,50.24,3,0.1,29.28,64.57,51.708995,-1.418158
"338","River Thames at Newbridge","2010","11",28.364,28.92,7.94,6.9,9.246,4310.2,233.8,46.6,12.2,45.2,4.6,0.078,28.364,59.676,51.708995,-1.418158
"339","River Thames at Newbridge","2010","12",31.855,36.75,7.945,2.9,3.92,4321.5,197.5,58,16.5,57.28,13.5,0.0775,31.855,58.17,51.708995,-1.418158
"340","River Thames at Newbridge","2011","06",23.3625,36.475,8.1125,17.5,13.2175,3842.25,285.5,59.5,17.75,49.6175,9.25,0.0835,23.3625,61.77,51.708995,-1.418158
"341","River Thames at Newbridge","2011","07",24.4375,42.9,7.99,18.725,11.3575,3845,292.75,40.75,19.25,55.5575,7.75,0.13125,24.4375,66.2875,51.708995,-1.418158
"342","River Thames at Newbridge","2011","08",23.564,47.2,7.902,18.06,12.038,4089.6,303.4,38,17.6,59.782,4.8,0.1576,23.564,76.238,51.708995,-1.418158
"343","River Thames at Newbridge","2011","09",26.475,49.9,7.8725,15.7,9.41,3909.25,359.25,34.5,18.5,64.7475,3,0.13525,26.475,77.6725,51.708995,-1.418158
"344","River Thames at Newbridge","2011","10",25.715,51.725,7.8875,13.85,9.855,4084,388.25,34.75,18.25,66.13,3,0.1495,25.715,85.17,51.708995,-1.418158
"345","River Thames at Newbridge","2011","11",33.068,49.82,7.796,10.42,6.866,3926.6,377.4,65.2,17.6,65.654,32.4,0.1264,33.068,85.38,51.708995,-1.418158
"346","River Thames at Newbridge","2011","12",38.68,48.9333333333333,7.92666666666667,4.86666666666667,5.82333333333333,3649,332.666666666667,90.6666666666667,19.6666666666667,67.1966666666667,7.66666666666667,0.11,38.68,86.4433333333333,51.708995,-1.418158
"347","River Thames at Newbridge","2012","01",31.964,23.2,7.998,6.54,8.842,4076.4,187.8,39.6,18.8,38.878,7.8,0.0644,31.964,58.166,51.708995,-1.418158
"348","River Thames at Newbridge","2012","02",31.1,31.9666666666667,7.99,6.6,3.66333333333333,4365,144.333333333333,24,18,52.3366666666667,6.33333333333333,0.0733333333333333,31.1,60.6466666666667,51.708995,-1.418158
"349","River Thames at Newbridge","2012","03",27.7625,27.975,8.0175,9.325,6.855,4127.75,171,93,18,44.7675,5,0.08,27.7625,58.18,51.708995,-1.418158
"350","River Thames at Newbridge","2012","04",25.0975,30.275,7.975,10.325,4.11,4093,186,46,18.5,46.2975,12.5,0.085,25.0975,60.615,51.708995,-1.418158
"351","River Thames at Newbridge","2012","05",25.11,15.8,7.886,13.22,20.756,4036.6,177,69.6,17.2,26.636,11.2,0.048,25.11,40.73,51.708995,-1.418158
"352","River Thames at Newbridge","2012","06",21.995,17.225,7.8275,14.325,16.2325,4181.75,201.25,74.25,16.75,27.935,7.75,0.05425,21.995,41.7775,51.708995,-1.418158
"353","River Thames at Newbridge","2012","07",20.426,16.02,7.922,16.2,8.076,4576.6,147,53,16,25.57,6.8,0.069,20.426,37.808,51.708995,-1.418158
"354","River Thames at Newbridge","2012","08",22.395,18.375,7.94,16.8,7.455,4469.75,164.5,56.75,15.5,28.385,5.75,0.09025,22.395,40.815,51.708995,-1.418158
"355","River Thames at Newbridge","2012","09",26.9825,17.425,8.1125,14.3,8.3825,4478.5,157.5,35.75,16.25,28.3825,4.5,0.0675,26.9825,40.0675,51.708995,-1.418158
"356","River Thames at Newbridge","2012","10",26.674,15.48,7.98,10.74,11.458,4627.8,132,68.4,18.4,24.524,6.4,0.0686,26.674,39.876,51.708995,-1.418158
"357","River Thames at Newbridge","2012","11",22.8525,13.625,7.92,7.85,18.72,4032.25,179.25,61.5,16,21.825,5.5,0.05,22.8525,32.8975,51.708995,-1.418158
"358","River Thames at Newbridge","2012","12",27.75,14.5,8.01333333333333,5.6,10.1,4300.33333333333,103,66.3333333333333,14.3333333333333,25.6166666666667,8.33333333333333,0.0666666666666667,27.75,35.6833333333333,51.708995,-1.418158
"359","River Thames at Newbridge","2013","01",26.14,18.375,8.0175,5.8,14.5925,4120.25,109.75,103.25,15,30.945,9.25,0.05,26.14,33.725,51.708995,-1.418158
"360","River Thames at Newbridge","2013","02",26.765,13.825,7.9925,6,27.12,4310.5,123.75,82.75,16,24.135,7.75,0.0585,26.765,33.275,51.708995,-1.418158
"361","River Thames at Runnymede","2010","10",30.34,32.3,7.99,9.9,1.82,3974,231,115,12,50.82,3,0.082,30.34,48.56,51.440771,-0.553972
"362","River Thames at Runnymede","2010","11",30.204,29.66,7.892,8.32,2.918,4252.2,223.2,66.4,11.8,48.43,4.8,0.075,30.204,52.968,51.440771,-0.553972
"363","River Thames at Runnymede","2010","12",34.165,34.65,7.875,2.4,1.43,4151.5,218.5,142,18,54.23,13.5,0.083,34.165,57.055,51.440771,-0.553972
"364","River Thames at Runnymede","2011","06",27.0475,35.975,7.8575,17.8,2.3075,4070,243.5,156.25,16.75,52.1025,17,0.0985,27.0475,48.625,51.440771,-0.553972
"365","River Thames at Runnymede","2011","07",26.3325,38.15,7.9825,18.9,2.5975,4063.25,223,66.75,19,55.2475,13.25,0.1125,26.3325,48.8375,51.440771,-0.553972
"366","River Thames at Runnymede","2011","08",24.602,39.32,7.874,18.38,2.368,4064.4,302.2,143.2,17.6,55.802,14.4,0.1042,24.602,47.742,51.440771,-0.553972
"367","River Thames at Runnymede","2011","09",27.4475,38.675,7.8425,16.475,1.635,3956,272.75,57,17.75,56.5425,8.25,0.09825,27.4475,48.8075,51.440771,-0.553972
"368","River Thames at Runnymede","2011","10",32.218,43.44,7.87,14.8,1.35,4017,272.8,77.4,16.8,62.254,16.4,0.1062,32.218,51.804,51.440771,-0.553972
"369","River Thames at Runnymede","2011","11",31.845,41.075,7.735,10.825,1.6875,3972.25,336.25,114.75,16.75,59.6325,23.5,0.085,31.845,53.9575,51.440771,-0.553972
"370","River Thames at Runnymede","2011","12",35.3,44.7,7.80333333333333,6.36666666666667,2.85,3771,320,146.666666666667,18.3333333333333,64.66,42,0.1,35.3,63.9566666666667,51.440771,-0.553972
"371","River Thames at Runnymede","2012","01",32.984,34.4,7.822,7.24,4.822,3912,265,84,19.2,54.662,24.4,0.0766,32.984,62.254,51.440771,-0.553972
"372","River Thames at Runnymede","2012","02",34.52,41.65,7.92,7.75,3.465,4349,210,36,19,67.755,11.5,0.085,34.52,68.9,51.440771,-0.553972
"373","River Thames at Runnymede","2012","03",31.3125,37,7.9275,10.475,3.2025,4093,217.75,107.5,18.25,57.2825,8.75,0.08,31.3125,64.1,51.440771,-0.553972
"374","River Thames at Runnymede","2012","04",24.9875,37.175,7.865,11.525,25.3925,3298.75,223,81.75,17.25,56.5675,15,0.09,24.9875,62.6925,51.440771,-0.553972
"375","River Thames at Runnymede","2012","05",24.775,22.2,7.945,14.325,14.1925,4188,210.25,113.75,18.75,36.7925,4.75,0.06125,24.775,49.5,51.440771,-0.553972
"376","River Thames at Runnymede","2012","06",22.9175,22.3,7.8825,15.825,10.145,3979.75,218.25,85,17,37.2375,9.25,0.06475,22.9175,47.8725,51.440771,-0.553972
"377","River Thames at Runnymede","2012","07",20.868,21.8,7.918,17.66,13.618,4330.6,235,44.4,18,34.45,25.8,0.0774,20.868,43.4,51.440771,-0.553972
"378","River Thames at Runnymede","2012","08",25.22,24.7,8.015,19.125,4.055,4446,215,79.5,15.75,38.32,6.25,0.089,25.22,43.6275,51.440771,-0.553972
"379","River Thames at Runnymede","2012","09",27.045,27.1,8.1225,16.525,3.51,4397,202,60.25,16.5,42.785,5.25,0.069,27.045,46.48,51.440771,-0.553972
"380","River Thames at Runnymede","2012","10",27.574,21.12,7.994,11.8,15.122,4135.4,218.8,101.8,19.8,33.424,12,0.0656,27.574,46.554,51.440771,-0.553972
"381","River Thames at Runnymede","2012","11",24.485,18.575,7.96,8.375,34.8825,3935.5,277.75,89,17.5,30.5675,11,0.055,24.485,41.4775,51.440771,-0.553972
"382","River Thames at Runnymede","2012","12",27.63,18.5666666666667,7.98,5.16666666666667,21.8,4228.33333333333,151.333333333333,147.333333333333,14.6666666666667,32.3666666666667,7,0.06,27.63,41.63,51.440771,-0.553972
"383","River Thames at Runnymede","2013","01",28.075,22.5,7.995,5.925,20.455,4180.75,175,224,16.75,38,13.5,0.075,28.075,39.9775,51.440771,-0.553972
"384","River Thames at Runnymede","2013","02",27.4325,18.725,7.9525,5.65,18.5525,4105.25,158.25,140.5,16.75,34.755,10.75,0.067,27.4325,38.81,51.440771,-0.553972
"385","River Thames at Sonning","2010","10",28.88,27,7.93,8.7,1.62,4196,247,67,14,44.61,3,0.069,28.88,55.15,51.476159,-0.917159
"386","River Thames at Sonning","2010","11",29.268,27.68,7.886,7.84,5.184,4319.6,249.2,86.4,12.8,43.82,7,0.0668,29.268,59.064,51.476159,-0.917159
"387","River Thames at Sonning","2010","12",31.965,29.25,7.94,2.4,2.57,4354,216.5,121,18,46.735,13,0.079,31.965,57.195,51.476159,-0.917159
"388","River Thames at Sonning","2011","06",23.7475,29.675,7.8675,17.475,2.7075,4223,242.5,120.5,17,44.6725,13,0.08125,23.7475,46.9825,51.476159,-0.917159
"389","River Thames at Sonning","2011","07",20.63,33.225,7.935,18.175,2.065,4084.75,249,134,18.75,48.4925,17.5,0.075,20.63,50.795,51.476159,-0.917159
"390","River Thames at Sonning","2011","08",21.174,34.4,7.832,18.04,2.906,4108.4,299.8,67.8,17.6,48.998,10.8,0.0772,21.174,48.404,51.476159,-0.917159
"391","River Thames at Sonning","2011","09",24.84,35.4,7.8375,16.25,2.0975,4175,272.5,58,18.25,52.095,6.75,0.08175,24.84,53.475,51.476159,-0.917159
"392","River Thames at Sonning","2011","10",26.788,38.12,7.862,14.24,1.752,4374.4,326.6,60.4,17,54.016,15.4,0.086,26.788,56.24,51.476159,-0.917159
"393","River Thames at Sonning","2011","11",28.3075,39.225,7.7375,10.475,4.8825,4277.25,370.75,70.5,17.25,57.7625,20,0.07775,28.3075,64.305,51.476159,-0.917159
"394","River Thames at Sonning","2011","12",30.1166666666667,41.2666666666667,7.82333333333333,5.96666666666667,2.95333333333333,4005.66666666667,343.333333333333,125.333333333333,18.3333333333333,60.4733333333333,9.66666666666667,0.0833333333333333,30.1166666666667,68.3966666666667,51.476159,-0.917159
"395","River Thames at Sonning","2012","01",31.496,30.6,7.852,6.88,5.426,4014.8,261.6,100.2,19.6,49.912,12,0.0682,31.496,67.74,51.476159,-0.917159
"396","River Thames at Sonning","2012","02",32.45,35.35,8.005,7.7,2.455,4427.5,202,31.5,19,59.02,11.5,0.065,32.45,72.45,51.476159,-0.917159
"397","River Thames at Sonning","2012","03",27.69,31.125,8.0425,10.35,10.9875,4100.5,208.5,61.25,19.5,50.6525,5.75,0.06,27.69,68.1925,51.476159,-0.917159
"398","River Thames at Sonning","2012","04",24.168,29.88,8.04,11.14,42.504,3720.8,313,107.4,19.2,46.68,14.6,0.07,24.168,63.176,51.476159,-0.917159
"399","River Thames at Sonning","2012","05",23.4725,18.9,7.97,14.2,12.1975,4384.75,166.75,84.5,19.25,32.235,19,0.05875,23.4725,49.9325,51.476159,-0.917159
"400","River Thames at Sonning","2012","06",20.96,19.3,7.875,15.125,12.44,4060,210.75,120,16.75,32.2025,7.5,0.058,20.96,46.905,51.476159,-0.917159
"401","River Thames at Sonning","2012","07",19.37,18.02,7.944,17,16.884,4456.2,189.4,59.6,18,28.888,16,0.0782,19.37,42.75,51.476159,-0.917159
"402","River Thames at Sonning","2012","08",23.875,20.1,8.045,18.275,5.1425,4550.75,178.75,49,15.5,32.6775,9.5,0.084,23.875,44.3275,51.476159,-0.917159
"403","River Thames at Sonning","2012","09",26.075,22.525,8.1025,15.225,4.835,4494.25,178,39,16.25,35.9675,9.75,0.06375,26.075,48.7675,51.476159,-0.917159
"404","River Thames at Sonning","2012","10",27.436,17.9,8.014,11.38,16.75,4376.2,188,96.2,20.4,29.77,9.6,0.0658,27.436,47.122,51.476159,-0.917159
"405","River Thames at Sonning","2012","11",23.5275,16.175,7.9875,8.1,27.2125,4080.5,217.25,75.25,17.75,26.855,9.75,0.0575,23.5275,41.235,51.476159,-0.917159
"406","River Thames at Sonning","2012","12",26.9033333333333,17.1333333333333,7.99,5.06666666666667,22.0566666666667,4393.33333333333,161.333333333333,120.666666666667,18.6666666666667,29.8833333333333,10.3333333333333,0.06,26.9033333333333,40.2733333333333,51.476159,-0.917159
"407","River Thames at Sonning","2013","01",27.2675,18.075,8.0275,5.825,14.2325,4193.75,164.5,138.25,17.25,32.4275,10.75,0.0525,27.2675,38.285,51.476159,-0.917159
"408","River Thames at Sonning","2013","02",27.535,16.05,7.9775,5.6,20.665,4191,134.25,146.5,18.75,29.7025,11.5,0.05925,27.535,38.67,51.476159,-0.917159
"409","River Thames at Swinford","2010","10",27.86,25.2,8.01,7.7,6.73,3973,175,39,11,39.57,3,0.078,27.86,54.26,51.773434,-1.360806
"410","River Thames at Swinford","2010","11",28.216,24.6,7.994,6.74,7.178,4348.8,195.6,97.6,11.6,38.408,3.8,0.0702,28.216,55.628,51.773434,-1.360806
"411","River Thames at Swinford","2010","12",31.23,23.25,7.975,2.35,3.215,4161,158,42.5,15.5,38.48,5.5,0.0635,31.23,51.03,51.773434,-1.360806
"412","River Thames at Swinford","2011","06",23.5225,30.2,7.9425,17.2,9.3575,3769,215.25,38.75,16,42.6575,10.5,0.11125,23.5225,57.4975,51.773434,-1.360806
"413","River Thames at Swinford","2011","07",23.0275,32.6,7.9675,18.45,10.22,3806.5,219.75,35,17.75,44.9975,7.25,0.092,23.0275,62.075,51.773434,-1.360806
"414","River Thames at Swinford","2011","08",20.086,36.5,7.886,18.12,9.326,3872.6,214.4,32.2,16,47.798,6,0.1262,20.086,65.524,51.773434,-1.360806
"415","River Thames at Swinford","2011","09",22.4075,38.4,7.92,15.65,8.1225,3894.75,234.25,30,16.5,52.94,5,0.10925,22.4075,70.3725,51.773434,-1.360806
"416","River Thames at Swinford","2011","10",23.825,40.975,7.92,14,6.4775,4004.5,286.5,34.5,16,54.005,3,0.1215,23.825,71.995,51.773434,-1.360806
"417","River Thames at Swinford","2011","11",25.622,39.8,7.782,8.74,5.612,3811.4,288.8,71.8,15.4,54.412,27.8,0.0994,25.622,75.076,51.773434,-1.360806
"418","River Thames at Swinford","2011","12",31.3066666666667,40.2333333333333,7.90666666666667,4.86666666666667,6.16,3618,309.666666666667,101,17.6666666666667,57.33,7,0.0966666666666667,31.3066666666667,77.9266666666667,51.773434,-1.360806
"419","River Thames at Swinford","2012","01",30.15,22.36,8.032,6.4,10.512,4017.2,191.2,48,18,37.746,7.8,0.0628,30.15,57.33,51.773434,-1.360806
"420","River Thames at Swinford","2012","02",30.3033333333333,23.4,8.06,6.26666666666667,5.26333333333333,4312.66666666667,134,28,16.3333333333333,39.8866666666667,7.33333333333333,0.0633333333333333,30.3033333333333,55.63,51.773434,-1.360806
"421","River Thames at Swinford","2012","03",27.4025,24.525,8.0625,9.45,5.685,4198.25,139.25,34.75,16.5,39.89,5.25,0.06,27.4025,58.195,51.773434,-1.360806
"422","River Thames at Swinford","2012","04",23.8525,26.15,8.0575,10.4,4.625,4040.75,166.5,54.75,17.5,40.9475,12.75,0.0825,23.8525,59.5325,51.773434,-1.360806
"423","River Thames at Swinford","2012","05",24.896,14.6,7.906,13.18,25.758,3992.8,181.8,84.4,16.2,25.054,9.6,0.0434,24.896,40.344,51.773434,-1.360806
"424","River Thames at Swinford","2012","06",21.895,16.175,7.85,14.425,18.0425,4121.5,194.5,65.75,15.75,26.5175,5.25,0.059,21.895,41.585,51.773434,-1.360806
"425","River Thames at Swinford","2012","07",21.006,14.9,7.95,15.62,12.334,4382.4,150.8,56.2,15.4,24.024,3.2,0.0648,21.006,37.82,51.773434,-1.360806
"426","River Thames at Swinford","2012","08",22.715,16.35,7.955,16.75,10.2025,4339.75,140.25,56.25,14.75,26.19,7,0.08925,22.715,40.0925,51.773434,-1.360806
"427","River Thames at Swinford","2012","09",25.96,16.6,8.18,14.325,8.9875,4408.75,139.5,60.5,14.5,27.0575,6.75,0.06425,25.96,40.605,51.773434,-1.360806
"428","River Thames at Swinford","2012","10",26.368,14.54,8.03,10.7,28.436,4550.4,128.4,64,17.2,23.252,5.6,0.0656,26.368,39.256,51.773434,-1.360806
"429","River Thames at Swinford","2012","11",23.0725,12.925,7.9625,7.775,23.4575,3809.25,178,60.5,15.5,20.805,7.25,0.05,23.0725,32.9775,51.773434,-1.360806
"430","River Thames at Swinford","2012","12",27.0166666666667,13.2333333333333,7.99333333333333,5.4,13.2533333333333,4367.33333333333,104.333333333333,76.6666666666667,13.3333333333333,23.22,8,0.06,27.0166666666667,35.7266666666667,51.773434,-1.360806
"431","River Thames at Swinford","2013","01",26.2425,16.525,8.035,5.675,17.5225,4076.5,106.25,92.75,15.5,29.005,6.5,0.05,26.2425,34.5725,51.773434,-1.360806
"432","River Thames at Swinford","2013","02",27.725,12.925,7.9975,5.9,23.8075,4290.5,112,74.25,14.5,23.3075,10.25,0.05525,27.725,34.09,51.773434,-1.360806
"433","River Thames at Wallingford","2010","10",31.21,33.3,8,8.8,4.91,4108,366,107,13,50.41,3,0.091,31.21,71.56,51.607351,-1.121986
"434","River Thames at Wallingford","2010","11",30.31,28.76,7.916,7.52,7.5,4383,297.6,79.6,13.4,46.214,4.6,0.0664,30.31,70.816,51.607351,-1.121986
"435","River Thames at Wallingford","2010","12",38.03,38.9,8.045,2.35,3.325,4411,334.5,158.5,19,58.04,10.5,0.0855,38.03,83.975,51.607351,-1.121986
"436","River Thames at Wallingford","2011","06",25.3375,40.325,7.9275,17.675,5.865,4242.75,397.5,89,18.5,55.3975,5.25,0.08425,25.3375,75.21,51.607351,-1.121986
"437","River Thames at Wallingford","2011","07",17.905,44.675,8.11,18.8,20.41,3669,395.25,40.25,22,59.0625,9.75,0.10425,17.905,78.57,51.607351,-1.121986
"438","River Thames at Wallingford","2011","08",22.814,48.8,7.782,18.04,6.11,4058.4,483.2,68.8,19.8,66.07,6,0.1256,22.814,85.152,51.607351,-1.121986
"439","River Thames at Wallingford","2011","09",27.4775,50.4,7.8275,16.775,6.63,4018,475.5,63.25,21.25,69.7325,3,0.1165,27.4775,88.79,51.607351,-1.121986
"440","River Thames at Wallingford","2011","10",29.385,55.425,7.8025,15.125,4.5075,3884.75,543.25,83.25,19,76.2525,24.25,0.10825,29.385,95.775,51.607351,-1.121986
"441","River Thames at Wallingford","2011","11",32.6825,56.125,7.745,10.75,4.8375,3975.25,559.25,92.75,19.5,81.11,21.25,0.10225,32.6825,122.3775,51.607351,-1.121986
"442","River Thames at Wallingford","2011","12",38.01,57.3333333333333,7.87,6.26666666666667,4.48333333333333,3810,580.666666666667,121.666666666667,23,82.5166666666667,14.6666666666667,0.116666666666667,38.01,129.666666666667,51.607351,-1.121986
"443","River Thames at Wallingford","2012","01",33.57,33.06,7.93,7.5,8.244,4104.6,312.2,80.8,21.2,53.408,8.8,0.0738,33.57,81.538,51.607351,-1.121986
"444","River Thames at Wallingford","2012","02",33.615,35.25,8.08,7.8,5.675,4371.5,245,27,20,58.83,12.5,0.08,33.615,84.36,51.607351,-1.121986
"445","River Thames at Wallingford","2012","03",29.1575,34.3,8.125,10.325,10.09,4224.75,270.25,77.75,20.5,53.2925,6.5,0.0775,29.1575,82.545,51.607351,-1.121986
"446","River Thames at Wallingford","2012","04",27.058,34.48,8.038,11.16,37.386,3961.4,405.4,137.2,20.8,51.9,16.6,0.082,27.058,81.44,51.607351,-1.121986
"447","River Thames at Wallingford","2012","05",23.9225,19.8,7.99,14.225,16.7525,4376.5,190,107.75,19.5,32.7475,5.25,0.063,23.9225,56.005,51.607351,-1.121986
"448","River Thames at Wallingford","2012","06",21.1625,20.7,7.855,15.25,15.115,4222.25,257,131.25,18,33.2375,21,0.064,21.1625,54.255,51.607351,-1.121986
"449","River Thames at Wallingford","2012","07",19.334,18.52,7.94,17.12,17.17,4639.2,219.4,87.6,18.8,29.328,19.4,0.0748,19.334,48.632,51.607351,-1.121986
"450","River Thames at Wallingford","2012","08",23.17,21.925,8.0275,18.675,9.985,4477,207.5,98.5,16,33.9425,6.5,0.091,23.17,51.98,51.607351,-1.121986
"451","River Thames at Wallingford","2012","09",26.71,24.775,8.1475,15.3,8.1525,4329.5,225.75,71,17.25,38.7325,6.25,0.07625,26.71,60.4925,51.607351,-1.121986
"452","River Thames at Wallingford","2012","10",27.628,18.4,8.026,11.34,13.952,4509.8,209.6,118.2,20.6,29.554,8.6,0.0722,27.628,52.15,51.607351,-1.121986
"453","River Thames at Wallingford","2012","11",24.5325,16.5,7.975,7.875,27.1775,4305.5,207,104.5,18.5,26.4925,7.5,0.055,24.5325,45.35,51.607351,-1.121986
"454","River Thames at Wallingford","2012","12",27.4266666666667,16.5,7.99,5.23333333333333,20.9633333333333,4395.66666666667,146.666666666667,147.333333333333,15.3333333333333,28.0333333333333,11,0.0633333333333333,27.4266666666667,43.5566666666667,51.607351,-1.121986
"455","River Thames at Wallingford","2013","01",27.6975,19.075,8.0175,5.675,65.795,4125.5,161.75,176.25,16.5,33.015,9.75,0.0625,27.6975,42.885,51.607351,-1.121986
"456","River Thames at Wallingford","2013","02",27.72,16.7,8,5.45,28.91,4136.5,195.25,165.25,19.5,29.2275,10.5,0.06025,27.72,42.02,51.607351,-1.121986
"457","River Windrush at Newbridge","2010","10",28,12.3,8.07,7.1,5.41,3765,69,33,12,24.25,3,0.046,28,42.45,51.708995,-1.418158
"458","River Windrush at Newbridge","2010","11",29.724,12.06,8.114,6.48,14.174,4084.8,140.6,27.6,8.6,22.278,5.4,0.0354,29.724,41.764,51.708995,-1.418158
"459","River Windrush at Newbridge","2010","12",31.1,12.95,8.04,3.15,5.03,3913,131.5,28.5,11.5,23.405,5.5,0.0465,31.1,42.42,51.708995,-1.418158
"460","River Windrush at Newbridge","2011","06",26.625,14.675,8.0275,16.125,17.5625,3680.75,188.25,46.75,12.5,24.3825,8.75,0.0445,26.625,45.7325,51.708995,-1.418158
"461","River Windrush at Newbridge","2011","07",27.0375,17.025,8.0075,17.1,20.68,3556,237,61.5,14.5,27.2775,7.5,0.0485,27.0375,50.7,51.708995,-1.418158
"462","River Windrush at Newbridge","2011","08",25.496,17.82,7.96,16.5,17.66,3661.4,176.8,67.6,12.8,28.366,7,0.051,25.496,51.554,51.708995,-1.418158
"463","River Windrush at Newbridge","2011","09",26.705,18.425,7.9825,14.95,14.3975,3734.25,171.75,27.75,12.75,29.8575,4.75,0.0455,26.705,51.5475,51.708995,-1.418158
"464","River Windrush at Newbridge","2011","10",28.5875,19.2,7.985,13.275,12.955,3794.25,207.5,44.5,12.25,30.6525,4.25,0.0425,28.5875,45.9675,51.708995,-1.418158
"465","River Windrush at Newbridge","2011","11",28.858,19.4,7.934,10.34,9.944,3940.4,322.2,45,11.8,30.792,16.2,0.0404,28.858,47.44,51.708995,-1.418158
"466","River Windrush at Newbridge","2011","12",25.8633333333333,21.8,8.01,4.56666666666667,9.49333333333333,3745,259.333333333333,95.6666666666667,13,34.9766666666667,17,0.0533333333333333,25.8633333333333,49.7,51.708995,-1.418158
"467","River Windrush at Newbridge","2012","01",27.414,14.8,8.036,5.98,12.476,3968,180,83.8,14,26.14,4.8,0.0454,27.414,52.026,51.708995,-1.418158
"468","River Windrush at Newbridge","2012","02",27.2966666666667,16.0666666666667,8.07,6.43333333333333,5.96666666666667,4096,162.333333333333,37,13,28.5,8.33333333333333,0.0433333333333333,27.2966666666667,49.77,51.708995,-1.418158
"469","River Windrush at Newbridge","2012","03",25.76,14.925,8.1,8.9,5.54,3943.75,126.25,34,12.5,25.6525,5.5,0.0425,25.76,49.695,51.708995,-1.418158
"470","River Windrush at Newbridge","2012","04",22.3175,15.975,8.06,10.05,7.215,3698.25,148.75,80.75,13,26.83,5.75,0.0525,22.3175,49.035,51.708995,-1.418158
"471","River Windrush at Newbridge","2012","05",25.318,10.54,7.958,12.58,28.178,3817.4,143.6,103.2,12.6,19.006,14.6,0.0394,25.318,37.952,51.708995,-1.418158
"472","River Windrush at Newbridge","2012","06",23.61,11.325,7.9825,14.025,16.765,4011.5,118.5,42.75,12.5,19.9575,7.25,0.04775,23.61,41.1425,51.708995,-1.418158
"473","River Windrush at Newbridge","2012","07",23.778,10.88,8.004,15.08,16.28,4228.2,77.4,49.8,13.6,19.15,3.6,0.0522,23.778,38.352,51.708995,-1.418158
"474","River Windrush at Newbridge","2012","08",25.5825,11.775,8.04,15.8,12.69,4117.5,93.75,64.75,12,20.14,6,0.05825,25.5825,40.9725,51.708995,-1.418158
"475","River Windrush at Newbridge","2012","09",27.6975,12.65,8.185,13.575,15.6525,4002.75,116,60.25,11.75,21.625,5.25,0.04475,27.6975,40.53,51.708995,-1.418158
"476","River Windrush at Newbridge","2012","10",27.76,10.82,8.132,10.62,15.45,4320,76,40.2,13,18.324,3.6,0.0498,27.76,37.63,51.708995,-1.418158
"477","River Windrush at Newbridge","2012","11",24.4425,9.7,8.0375,7.875,22.065,3890.5,114.5,46,13.5,16.5475,3,0.0425,24.4425,32.99,51.708995,-1.418158
"478","River Windrush at Newbridge","2012","12",28.2,9.96666666666667,8.08,6.03333333333333,11.1466666666667,4108.33333333333,55.6666666666667,40.6666666666667,10.6666666666667,18.37,5,0.05,28.2,37.1833333333333,51.708995,-1.418158
"479","River Windrush at Newbridge","2013","01",27.475,9.825,8.08,6.1,13.685,3781.75,60.5,52.5,13,17.8225,4.5,0.05,27.475,33.58,51.708995,-1.418158
"480","River Windrush at Newbridge","2013","02",30.58,9.925,8.0475,6.425,18.8075,3837,65.5,56.25,12.5,18.75,4,0.04325,30.58,34.79,51.708995,-1.418158
"481","River Wye at Bourne End","2010","10",29.49,27,8.06,9.2,10.39,4612,442,86,9,45.2,3,0.048,29.49,20.67,51.571176,-0.710007
"482","River Wye at Bourne End","2010","11",31.92,27.2,8.016,9.58,9.324,4810.8,388,53.4,9.8,46.124,7.8,0.0516,31.92,21.918,51.571176,-0.710007
"483","River Wye at Bourne End","2010","12",33.425,32.25,8.005,7.15,9.51,4445.5,266.5,79,12.5,48.62,8,0.055,33.425,21.355,51.571176,-0.710007
"484","River Wye at Bourne End","2011","06",22.22,24.35,8.0825,15.725,7.5,4504,457.75,154.25,13.25,37.3925,14.5,0.0485,22.22,20.185,51.571176,-0.710007
"485","River Wye at Bourne End","2011","07",30.045,27.9,8.1,15.15,7.385,4749.5,522.75,110.5,14.5,41.275,17.75,0.07225,30.045,23.345,51.571176,-0.710007
"486","River Wye at Bourne End","2011","08",28.85,31.22,8.006,15.1,7.054,4819,717,89.6,12.4,45.03,21.2,0.0554,28.85,22.454,51.571176,-0.710007
"487","River Wye at Bourne End","2011","09",30.37,28.625,8.0725,13.9,16.94,4481.5,344.75,141.25,12.75,45.255,9.25,0.05475,30.37,23.045,51.571176,-0.710007
"488","River Wye at Bourne End","2011","10",28.354,30.1,8.1,14.78,13.126,4430.4,280,55.8,13,45.84,16,0.0576,28.354,24.3,51.571176,-0.710007
"489","River Wye at Bourne End","2011","11",33.06,33.175,7.9275,11.25,12.36,4719.75,430.25,79.25,12.5,50.115,15,0.06575,33.06,26.29,51.571176,-0.710007
"490","River Wye at Bourne End","2011","12",33.5733333333333,38.1333333333333,7.91666666666667,8.43333333333333,21.4133333333333,4389.33333333333,548,173.333333333333,13,56.0866666666667,8.66666666666667,0.0666666666666667,33.5733333333333,27.8766666666667,51.571176,-0.710007
"491","River Wye at Bourne End","2012","01",26.932,31.66,7.928,8.76,82.09,4433.6,641.2,73.8,12.2,48.072,15.8,0.0602,26.932,24.286,51.571176,-0.710007
"492","River Wye at Bourne End","2012","02",30.47,35.75,7.995,7.95,13.905,4982,435.5,57.5,11,55.24,21.5,0.08,30.47,28.355,51.571176,-0.710007
"493","River Wye at Bourne End","2012","03",30.175,40.775,7.995,10.125,17.72,4719,953.75,156,11,57.3675,10.75,0.06,30.175,28.91,51.571176,-0.710007
"494","River Wye at Bourne End","2012","04",29.29,34.44,8.034,10.46,10.744,4475.2,495.6,69.8,13.2,51.34,14.2,0.064,29.29,27.734,51.571176,-0.710007
"495","River Wye at Bourne End","2012","05",26.1025,26.45,8.095,12.175,10.3775,4758,284,50,11.75,42.4025,4,0.0565,26.1025,23.0675,51.571176,-0.710007
"496","River Wye at Bourne End","2012","06",22.9025,22.625,8.0025,13.925,18.9525,4129.5,162,129.25,11.25,37.56,12.5,0.05675,22.9025,19.925,51.571176,-0.710007
"497","River Wye at Bourne End","2012","07",20.39,14.08,8.076,14.48,9.136,4752.4,102,44.6,12.8,26.762,14.6,0.0498,20.39,16.75,51.571176,-0.710007
"498","River Wye at Bourne End","2012","08",24.0075,21.875,8.0325,15.575,8.5025,4820.75,114,240.25,12.25,34.865,41.25,0.06975,24.0075,17.51,51.571176,-0.710007
"499","River Wye at Bourne End","2012","09",23.13,18.3333333333333,8.2,15.6666666666667,9.02666666666667,4782.33333333333,116.333333333333,48,13.6666666666667,31.7366666666667,7.66666666666667,0.0486666666666667,23.13,17.4333333333333,51.571176,-0.710007
"500","River Wye at Bourne End","2012","10",26.464,23.96,8.1,11.74,11.264,4714.2,143.4,192.4,12,37.906,18.6,0.0518,26.464,20.204,51.571176,-0.710007
"501","River Wye at Bourne End","2012","11",23.6125,20.025,8.12,9.35,10.455,4628.5,170.5,97.25,12.5,32.5125,9.5,0.045,23.6125,19.18,51.571176,-0.710007
"502","River Wye at Bourne End","2012","12",25.7633333333333,31.1,8.08,8.4,13.13,4485.33333333333,165.333333333333,103.666666666667,9.66666666666667,51.14,9,0.06,25.7633333333333,19.8833333333333,51.571176,-0.710007
"503","River Wye at Bourne End","2013","01",27.33,22.65,8.065,7.9,15.7325,4519,166.75,240.25,11.5,39.75,11,0.0575,27.33,18.715,51.571176,-0.710007
"504","River Wye at Bourne End","2013","02",27.27,32.125,8.1025,7.75,13.73,4513.25,111.5,60.25,13.5,60.065,4.5,0.0595,27.27,16.0975,51.571176,-0.710007
"505","The Cut at Paley Street","2010","10",94.56,77.8,7.58,8.9,4.24,2299,460,103,13,94.96,40,0.114,94.56,97.64,51.478094,-0.750074
"506","The Cut at Paley Street","2010","11",80.538,59.28,7.538,8.54,5.074,2729.8,553,86.2,13,81.854,34.8,0.0936,80.538,93.82,51.478094,-0.750074
"507","The Cut at Paley Street","2010","12",89.64,93.1,7.45,4.65,4.095,2518,487.5,195.5,19.5,136.035,65,0.155,89.64,103.06,51.478094,-0.750074
"508","The Cut at Paley Street","2011","06",67.725,63.5,7.4375,17.275,8.8075,1953.75,464.75,151.5,18.5,80.61,28.5,0.11825,67.725,78.935,51.478094,-0.750074
"509","The Cut at Paley Street","2011","07",110.9675,83.125,7.44,17.1,3.85,2258.5,475.5,163.5,21.75,101.8575,52.25,0.12025,110.9675,101.925,51.478094,-0.750074
"510","The Cut at Paley Street","2011","08",99.142,81.2,7.426,17.06,3.804,2344.2,554.4,106.2,18.6,94.012,34.2,0.1232,99.142,89.916,51.478094,-0.750074
"511","The Cut at Paley Street","2011","09",97.51,75,7.48,15.925,4.295,2456,951.5,68.5,20.25,93.365,28.75,0.1025,97.51,83.95,51.478094,-0.750074
"512","The Cut at Paley Street","2011","10",108.076,86.74,7.518,15.2,7.318,2765,1008.8,83.4,19.2,105.968,30,0.1154,108.076,96.088,51.478094,-0.750074
"513","The Cut at Paley Street","2011","11",96.6575,78.075,7.465,10.9,4.115,2829.75,1120.5,111,19.25,96.03,42.75,0.09525,96.6575,95.5175,51.478094,-0.750074
"514","The Cut at Paley Street","2011","12",68.0866666666667,71.7333333333333,7.46,6.83333333333333,7.69,2181.66666666667,633.333333333333,181.666666666667,19.3333333333333,94.9966666666667,39,0.11,68.0866666666667,85.9966666666667,51.478094,-0.750074
"515","The Cut at Paley Street","2012","01",69.348,62.48,7.476,7.44,9.008,2623.2,704,136.8,21,87.474,27,0.104,69.348,106.03,51.478094,-0.750074
"516","The Cut at Paley Street","2012","02",86.155,86.7,7.675,7.7,4.175,2848,693.5,33.5,21,124.43,27.5,0.13,86.155,131.24,51.478094,-0.750074
"517","The Cut at Paley Street","2012","03",82.6775,76.725,7.65,10.125,7.0525,2585.75,747,141.5,20,106.035,8.25,0.1175,82.6775,118.12,51.478094,-0.750074
"518","The Cut at Paley Street","2012","04",74.782,66.52,7.52,10.58,11.3,2219,720.8,133.6,20,90.936,29.4,0.102,74.782,97.632,51.478094,-0.750074
"519","The Cut at Paley Street","2012","05",82.9975,66.45,7.56,13.45,5.2625,2415.25,684,106,20,90.3225,31.75,0.09375,82.9975,112.8325,51.478094,-0.750074
"520","The Cut at Paley Street","2012","06",47.7275,44.025,7.5175,15.15,18.3875,2225,589.5,148.5,16.25,60.205,9.25,0.0805,47.7275,71.805,51.478094,-0.750074
"521","The Cut at Paley Street","2012","07",59.374,51.98,7.552,16.8,7.44,2709.2,746.6,126.4,18.6,67.24,40,0.105,59.374,78.292,51.478094,-0.750074
"522","The Cut at Paley Street","2012","08",106.99,77.5,7.46,18.525,3.9975,2425.25,896.5,187,16.75,88.7,57.5,0.11875,106.99,97.16,51.478094,-0.750074
"523","The Cut at Paley Street","2012","09",105.435,78.425,7.6775,15.9,6.055,2400.25,868,131.5,17.25,91.14,46,0.0895,105.435,91.735,51.478094,-0.750074
"524","The Cut at Paley Street","2012","10",61.908,51.96,7.728,12.48,6.004,2546.8,534.2,104.2,18.4,67.174,17.8,0.0888,61.908,85.2,51.478094,-0.750074
"525","The Cut at Paley Street","2012","11",45.38,40.925,7.6725,8.825,19.08,2503.25,460.25,151.5,17.75,56.6875,16.75,0.0725,45.38,83.8675,51.478094,-0.750074
"526","The Cut at Paley Street","2012","12",42.3166666666667,55.4,7.70666666666667,6.96666666666667,12.17,2620,353.666666666667,186.666666666667,17.6666666666667,82.7866666666667,13.3333333333333,0.1,42.3166666666667,94.5133333333333,51.478094,-0.750074
"527","The Cut at Paley Street","2013","01",45.2825,77.1,7.7325,6.325,13.4025,2519,484,215,19,121.4225,20,0.125,45.2825,96.275,51.478094,-0.750074
"528","The Cut at Paley Street","2013","02",41.505,49.875,7.6575,5.95,20.4475,2602,455.25,207,18.75,79.575,16,0.093,41.505,86.1325,51.478094,-0.750074
